0 verbose cli /usr/local/bin/node /usr/local/bin/npm
1 info using npm@11.8.0
2 info using node@v24.13.1
3 silly config load:file:/usr/local/lib/node_modules/npm/npmrc
4 silly config load:file:/Users/prateekjaiswal/Ai_interviewer /Ai_interviewer/frontend/.npmrc
5 silly config load:file:/Users/prateekjaiswal/.npmrc
6 silly config load:file:/usr/local/etc/npmrc
7 verbose title npm install
8 verbose argv "install" "--cache" ".npm-cache" "--no-audit" "--no-fund"
9 verbose logfile logs-max:10 dir:/Users/prateekjaiswal/Ai_interviewer /Ai_interviewer/frontend/.npm-cache/_logs/2026-05-20T18_48_56_881Z-
10 verbose logfile /Users/prateekjaiswal/Ai_interviewer /Ai_interviewer/frontend/.npm-cache/_logs/2026-05-20T18_48_56_881Z-debug-0.log
11 silly logfile done cleaning log files
12 silly packumentCache heap:4496293888 maxSize:1124073472 maxEntrySize:562036736
13 http fetch GET https://registry.npmjs.org/npm attempt 1 failed with ENOTFOUND
14 silly idealTree buildDeps
15 silly reify mark retired [
15 silly reify   '/Users/prateekjaiswal/Ai_interviewer /Ai_interviewer/frontend/node_modules/acorn'
15 silly reify ]
16 silly reify mark retired [
16 silly reify   '/Users/prateekjaiswal/Ai_interviewer /Ai_interviewer/frontend/node_modules/acorn-jsx'
16 silly reify ]
17 silly reify mark retired [
17 silly reify   '/Users/prateekjaiswal/Ai_interviewer /Ai_interviewer/frontend/node_modules/ajv'
17 silly reify ]
18 silly reify mark retired [
18 silly reify   '/Users/prateekjaiswal/Ai_interviewer /Ai_interviewer/frontend/node_modules/ansi-styles'
18 silly reify ]
19 silly reify mark retired [
19 silly reify   '/Users/prateekjaiswal/Ai_interviewer /Ai_interviewer/frontend/node_modules/argparse'
19 silly reify ]
20 silly reify mark retired [
20 silly reify   '/Users/prateekjaiswal/Ai_interviewer /Ai_interviewer/frontend/node_modules/aria-query'
20 silly reify ]
21 silly reify mark retired [
21 silly reify   '/Users/prateekjaiswal/Ai_interviewer /Ai_interviewer/frontend/node_modules/array-buffer-byte-length'
21 silly reify ]
22 silly reify mark retired [
22 silly reify   '/Users/prateekjaiswal/Ai_interviewer /Ai_interviewer/frontend/node_modules/array-includes'
22 silly reify ]
23 silly reify mark retired [
23 silly reify   '/Users/prateekjaiswal/Ai_interviewer /Ai_interviewer/frontend/node_modules/array.prototype.findlast'
23 silly reify ]
24 silly reify mark retired [
24 silly reify   '/Users/prateekjaiswal/Ai_interviewer /Ai_interviewer/frontend/node_modules/array.prototype.findlastindex'
24 silly reify ]
25 silly reify mark retired [
25 silly reify   '/Users/prateekjaiswal/Ai_interviewer /Ai_interviewer/frontend/node_modules/array.prototype.flat'
25 silly reify ]
26 silly reify mark retired [
26 silly reify   '/Users/prateekjaiswal/Ai_interviewer /Ai_interviewer/frontend/node_modules/array.prototype.flatmap'
26 silly reify ]
27 silly reify mark retired [
27 silly reify   '/Users/prateekjaiswal/Ai_interviewer /Ai_interviewer/frontend/node_modules/array.prototype.tosorted'
27 silly reify ]
28 silly reify mark retired [
28 silly reify   '/Users/prateekjaiswal/Ai_interviewer /Ai_interviewer/frontend/node_modules/arraybuffer.prototype.slice'
28 silly reify ]
29 silly reify mark retired [
29 silly reify   '/Users/prateekjaiswal/Ai_interviewer /Ai_interviewer/frontend/node_modules/ast-types-flow'
29 silly reify ]
30 silly reify mark retired [
30 silly reify   '/Users/prateekjaiswal/Ai_interviewer /Ai_interviewer/frontend/node_modules/async-function'
30 silly reify ]
31 silly reify mark retired [
31 silly reify   '/Users/prateekjaiswal/Ai_interviewer /Ai_interviewer/frontend/node_modules/available-typed-arrays'
31 silly reify ]
32 silly reify mark retired [
32 silly reify   '/Users/prateekjaiswal/Ai_interviewer /Ai_interviewer/frontend/node_modules/axe-core'
32 silly reify ]
33 silly reify mark retired [
33 silly reify   '/Users/prateekjaiswal/Ai_interviewer /Ai_interviewer/frontend/node_modules/axobject-query'
33 silly reify ]
34 silly reify mark retired [
34 silly reify   '/Users/prateekjaiswal/Ai_interviewer /Ai_interviewer/frontend/node_modules/balanced-match'
34 silly reify ]
35 silly reify mark retired [
35 silly reify   '/Users/prateekjaiswal/Ai_interviewer /Ai_interviewer/frontend/node_modules/baseline-browser-mapping'
35 silly reify ]
36 silly reify mark retired [
36 silly reify   '/Users/prateekjaiswal/Ai_interviewer /Ai_interviewer/frontend/node_modules/brace-expansion'
36 silly reify ]
37 silly reify mark retired [
37 silly reify   '/Users/prateekjaiswal/Ai_interviewer /Ai_interviewer/frontend/node_modules/braces'
37 silly reify ]
38 silly reify mark retired [
38 silly reify   '/Users/prateekjaiswal/Ai_interviewer /Ai_interviewer/frontend/node_modules/browserslist'
38 silly reify ]
39 silly reify mark retired [
39 silly reify   '/Users/prateekjaiswal/Ai_interviewer /Ai_interviewer/frontend/node_modules/call-bind'
39 silly reify ]
40 silly reify mark retired [
40 silly reify   '/Users/prateekjaiswal/Ai_interviewer /Ai_interviewer/frontend/node_modules/call-bind-apply-helpers'
40 silly reify ]
41 silly reify mark retired [
41 silly reify   '/Users/prateekjaiswal/Ai_interviewer /Ai_interviewer/frontend/node_modules/call-bound'
41 silly reify ]
42 silly reify mark retired [
42 silly reify   '/Users/prateekjaiswal/Ai_interviewer /Ai_interviewer/frontend/node_modules/callsites'
42 silly reify ]
43 silly reify mark retired [
43 silly reify   '/Users/prateekjaiswal/Ai_interviewer /Ai_interviewer/frontend/node_modules/caniuse-lite'
43 silly reify ]
44 silly reify mark retired [
44 silly reify   '/Users/prateekjaiswal/Ai_interviewer /Ai_interviewer/frontend/node_modules/chalk'
44 silly reify ]
45 silly reify mark retired [
45 silly reify   '/Users/prateekjaiswal/Ai_interviewer /Ai_interviewer/frontend/node_modules/client-only'
45 silly reify ]
46 silly reify mark retired [
46 silly reify   '/Users/prateekjaiswal/Ai_interviewer /Ai_interviewer/frontend/node_modules/clsx'
46 silly reify ]
47 silly reify mark retired [
47 silly reify   '/Users/prateekjaiswal/Ai_interviewer /Ai_interviewer/frontend/node_modules/color-convert'
47 silly reify ]
48 silly reify mark retired [
48 silly reify   '/Users/prateekjaiswal/Ai_interviewer /Ai_interviewer/frontend/node_modules/color-name'
48 silly reify ]
49 silly reify mark retired [
49 silly reify   '/Users/prateekjaiswal/Ai_interviewer /Ai_interviewer/frontend/node_modules/concat-map'
49 silly reify ]
50 silly reify mark retired [
50 silly reify   '/Users/prateekjaiswal/Ai_interviewer /Ai_interviewer/frontend/node_modules/convert-source-map'
50 silly reify ]
51 silly reify mark retired [
51 silly reify   '/Users/prateekjaiswal/Ai_interviewer /Ai_interviewer/frontend/node_modules/cross-spawn'
51 silly reify ]
52 silly reify mark retired [
52 silly reify   '/Users/prateekjaiswal/Ai_interviewer /Ai_interviewer/frontend/node_modules/csstype'
52 silly reify ]
53 silly reify mark retired [
53 silly reify   '/Users/prateekjaiswal/Ai_interviewer /Ai_interviewer/frontend/node_modules/damerau-levenshtein'
53 silly reify ]
54 silly reify mark retired [
54 silly reify   '/Users/prateekjaiswal/Ai_interviewer /Ai_interviewer/frontend/node_modules/data-view-buffer'
54 silly reify ]
55 silly reify mark retired [
55 silly reify   '/Users/prateekjaiswal/Ai_interviewer /Ai_interviewer/frontend/node_modules/data-view-byte-length'
55 silly reify ]
56 silly reify mark retired [
56 silly reify   '/Users/prateekjaiswal/Ai_interviewer /Ai_interviewer/frontend/node_modules/data-view-byte-offset'
56 silly reify ]
57 silly reify mark retired [
57 silly reify   '/Users/prateekjaiswal/Ai_interviewer /Ai_interviewer/frontend/node_modules/debug'
57 silly reify ]
58 silly reify mark retired [
58 silly reify   '/Users/prateekjaiswal/Ai_interviewer /Ai_interviewer/frontend/node_modules/deep-is'
58 silly reify ]
59 silly reify mark retired [
59 silly reify   '/Users/prateekjaiswal/Ai_interviewer /Ai_interviewer/frontend/node_modules/define-properties'
59 silly reify ]
60 silly reify mark retired [
60 silly reify   '/Users/prateekjaiswal/Ai_interviewer /Ai_interviewer/frontend/node_modules/detect-libc'
60 silly reify ]
61 silly reify mark retired [
61 silly reify   '/Users/prateekjaiswal/Ai_interviewer /Ai_interviewer/frontend/node_modules/doctrine'
61 silly reify ]
62 silly reify mark retired [
62 silly reify   '/Users/prateekjaiswal/Ai_interviewer /Ai_interviewer/frontend/node_modules/dunder-proto'
62 silly reify ]
63 silly reify mark retired [
63 silly reify   '/Users/prateekjaiswal/Ai_interviewer /Ai_interviewer/frontend/node_modules/electron-to-chromium'
63 silly reify ]
64 silly reify mark retired [
64 silly reify   '/Users/prateekjaiswal/Ai_interviewer /Ai_interviewer/frontend/node_modules/emoji-regex'
64 silly reify ]
65 silly reify mark retired [
65 silly reify   '/Users/prateekjaiswal/Ai_interviewer /Ai_interviewer/frontend/node_modules/enhanced-resolve'
65 silly reify ]
66 silly reify mark retired [
66 silly reify   '/Users/prateekjaiswal/Ai_interviewer /Ai_interviewer/frontend/node_modules/es-abstract'
66 silly reify ]
67 silly reify mark retired [
67 silly reify   '/Users/prateekjaiswal/Ai_interviewer /Ai_interviewer/frontend/node_modules/es-define-property'
67 silly reify ]
68 silly reify mark retired [
68 silly reify   '/Users/prateekjaiswal/Ai_interviewer /Ai_interviewer/frontend/node_modules/es-errors'
68 silly reify ]
69 silly reify mark retired [
69 silly reify   '/Users/prateekjaiswal/Ai_interviewer /Ai_interviewer/frontend/node_modules/es-iterator-helpers'
69 silly reify ]
70 silly reify mark retired [
70 silly reify   '/Users/prateekjaiswal/Ai_interviewer /Ai_interviewer/frontend/node_modules/es-object-atoms'
70 silly reify ]
71 silly reify mark retired [
71 silly reify   '/Users/prateekjaiswal/Ai_interviewer /Ai_interviewer/frontend/node_modules/es-set-tostringtag'
71 silly reify ]
72 silly reify mark retired [
72 silly reify   '/Users/prateekjaiswal/Ai_interviewer /Ai_interviewer/frontend/node_modules/es-shim-unscopables'
72 silly reify ]
73 silly reify mark retired [
73 silly reify   '/Users/prateekjaiswal/Ai_interviewer /Ai_interviewer/frontend/node_modules/es-to-primitive'
73 silly reify ]
74 silly reify mark retired [
74 silly reify   '/Users/prateekjaiswal/Ai_interviewer /Ai_interviewer/frontend/node_modules/define-data-property'
74 silly reify ]
75 silly reify mark retired [
75 silly reify   '/Users/prateekjaiswal/Ai_interviewer /Ai_interviewer/frontend/node_modules/escalade'
75 silly reify ]
76 silly reify mark retired [
76 silly reify   '/Users/prateekjaiswal/Ai_interviewer /Ai_interviewer/frontend/node_modules/escape-string-regexp'
76 silly reify ]
77 silly reify mark retired [
77 silly reify   '/Users/prateekjaiswal/Ai_interviewer /Ai_interviewer/frontend/node_modules/eslint'
77 silly reify ]
78 silly reify mark retired [
78 silly reify   '/Users/prateekjaiswal/Ai_interviewer /Ai_interviewer/frontend/node_modules/eslint-import-resolver-node'
78 silly reify ]
79 silly reify mark retired [
79 silly reify   '/Users/prateekjaiswal/Ai_interviewer /Ai_interviewer/frontend/node_modules/eslint-config-next'
79 silly reify ]
80 silly reify mark retired [
80 silly reify   '/Users/prateekjaiswal/Ai_interviewer /Ai_interviewer/frontend/node_modules/eslint-import-resolver-typescript'
80 silly reify ]
81 silly reify mark retired [
81 silly reify   '/Users/prateekjaiswal/Ai_interviewer /Ai_interviewer/frontend/node_modules/eslint-plugin-import'
81 silly reify ]
82 silly reify mark retired [
82 silly reify   '/Users/prateekjaiswal/Ai_interviewer /Ai_interviewer/frontend/node_modules/eslint-module-utils'
82 silly reify ]
83 silly reify mark retired [
83 silly reify   '/Users/prateekjaiswal/Ai_interviewer /Ai_interviewer/frontend/node_modules/eslint-plugin-jsx-a11y'
83 silly reify ]
84 silly reify mark retired [
84 silly reify   '/Users/prateekjaiswal/Ai_interviewer /Ai_interviewer/frontend/node_modules/eslint-plugin-react-hooks'
84 silly reify ]
85 silly reify mark retired [
85 silly reify   '/Users/prateekjaiswal/Ai_interviewer /Ai_interviewer/frontend/node_modules/eslint-plugin-react'
85 silly reify ]
86 silly reify mark retired [
86 silly reify   '/Users/prateekjaiswal/Ai_interviewer /Ai_interviewer/frontend/node_modules/eslint-scope'
86 silly reify ]
87 silly reify mark retired [
87 silly reify   '/Users/prateekjaiswal/Ai_interviewer /Ai_interviewer/frontend/node_modules/eslint-visitor-keys'
87 silly reify ]
88 silly reify mark retired [
88 silly reify   '/Users/prateekjaiswal/Ai_interviewer /Ai_interviewer/frontend/node_modules/espree'
88 silly reify ]
89 silly reify mark retired [
89 silly reify   '/Users/prateekjaiswal/Ai_interviewer /Ai_interviewer/frontend/node_modules/estraverse'
89 silly reify ]
90 silly reify mark retired [
90 silly reify   '/Users/prateekjaiswal/Ai_interviewer /Ai_interviewer/frontend/node_modules/esutils'
90 silly reify ]
91 silly reify mark retired [
91 silly reify   '/Users/prateekjaiswal/Ai_interviewer /Ai_interviewer/frontend/node_modules/fast-deep-equal'
91 silly reify ]
92 silly reify mark retired [
92 silly reify   '/Users/prateekjaiswal/Ai_interviewer /Ai_interviewer/frontend/node_modules/events'
92 silly reify ]
93 silly reify mark retired [
93 silly reify   '/Users/prateekjaiswal/Ai_interviewer /Ai_interviewer/frontend/node_modules/esquery'
93 silly reify ]
94 silly reify mark retired [
94 silly reify   '/Users/prateekjaiswal/Ai_interviewer /Ai_interviewer/frontend/node_modules/esrecurse'
94 silly reify ]
95 silly reify mark retired [
95 silly reify   '/Users/prateekjaiswal/Ai_interviewer /Ai_interviewer/frontend/node_modules/fast-glob'
95 silly reify ]
96 silly reify mark retired [
96 silly reify   '/Users/prateekjaiswal/Ai_interviewer /Ai_interviewer/frontend/node_modules/fast-levenshtein'
96 silly reify ]
97 silly reify mark retired [
97 silly reify   '/Users/prateekjaiswal/Ai_interviewer /Ai_interviewer/frontend/node_modules/fastq'
97 silly reify ]
98 silly reify mark retired [
98 silly reify   '/Users/prateekjaiswal/Ai_interviewer /Ai_interviewer/frontend/node_modules/fast-json-stable-stringify'
98 silly reify ]
99 silly reify mark retired [
99 silly reify   '/Users/prateekjaiswal/Ai_interviewer /Ai_interviewer/frontend/node_modules/file-entry-cache'
99 silly reify ]
100 silly reify mark retired [
100 silly reify   '/Users/prateekjaiswal/Ai_interviewer /Ai_interviewer/frontend/node_modules/fill-range'
100 silly reify ]
101 silly reify mark retired [
101 silly reify   '/Users/prateekjaiswal/Ai_interviewer /Ai_interviewer/frontend/node_modules/find-up'
101 silly reify ]
102 silly reify mark retired [
102 silly reify   '/Users/prateekjaiswal/Ai_interviewer /Ai_interviewer/frontend/node_modules/flatted'
102 silly reify ]
103 silly reify mark retired [
103 silly reify   '/Users/prateekjaiswal/Ai_interviewer /Ai_interviewer/frontend/node_modules/for-each'
103 silly reify ]
104 silly reify mark retired [
104 silly reify   '/Users/prateekjaiswal/Ai_interviewer /Ai_interviewer/frontend/node_modules/flat-cache'
104 silly reify ]
105 silly reify mark retired [
105 silly reify   '/Users/prateekjaiswal/Ai_interviewer /Ai_interviewer/frontend/node_modules/function-bind'
105 silly reify ]
106 silly reify mark retired [
106 silly reify   '/Users/prateekjaiswal/Ai_interviewer /Ai_interviewer/frontend/node_modules/functions-have-names'
106 silly reify ]
107 silly reify mark retired [
107 silly reify   '/Users/prateekjaiswal/Ai_interviewer /Ai_interviewer/frontend/node_modules/generator-function'
107 silly reify ]
108 silly reify mark retired [
108 silly reify   '/Users/prateekjaiswal/Ai_interviewer /Ai_interviewer/frontend/node_modules/function.prototype.name'
108 silly reify ]
109 silly reify mark retired [
109 silly reify   '/Users/prateekjaiswal/Ai_interviewer /Ai_interviewer/frontend/node_modules/gensync'
109 silly reify ]
110 silly reify mark retired [
110 silly reify   '/Users/prateekjaiswal/Ai_interviewer /Ai_interviewer/frontend/node_modules/get-intrinsic'
110 silly reify ]
111 silly reify mark retired [
111 silly reify   '/Users/prateekjaiswal/Ai_interviewer /Ai_interviewer/frontend/node_modules/get-proto'
111 silly reify ]
112 silly reify mark retired [
112 silly reify   '/Users/prateekjaiswal/Ai_interviewer /Ai_interviewer/frontend/node_modules/get-symbol-description'
112 silly reify ]
113 silly reify mark retired [
113 silly reify   '/Users/prateekjaiswal/Ai_interviewer /Ai_interviewer/frontend/node_modules/get-tsconfig'
113 silly reify ]
114 silly reify mark retired [
114 silly reify   '/Users/prateekjaiswal/Ai_interviewer /Ai_interviewer/frontend/node_modules/glob-parent'
114 silly reify ]
115 silly reify mark retired [
115 silly reify   '/Users/prateekjaiswal/Ai_interviewer /Ai_interviewer/frontend/node_modules/globals'
115 silly reify ]
116 silly reify mark retired [
116 silly reify   '/Users/prateekjaiswal/Ai_interviewer /Ai_interviewer/frontend/node_modules/globalthis'
116 silly reify ]
117 silly reify mark retired [
117 silly reify   '/Users/prateekjaiswal/Ai_interviewer /Ai_interviewer/frontend/node_modules/gopd'
117 silly reify ]
118 silly reify mark retired [
118 silly reify   '/Users/prateekjaiswal/Ai_interviewer /Ai_interviewer/frontend/node_modules/graceful-fs'
118 silly reify ]
119 silly reify mark retired [
119 silly reify   '/Users/prateekjaiswal/Ai_interviewer /Ai_interviewer/frontend/node_modules/has-bigints'
119 silly reify ]
120 silly reify mark retired [
120 silly reify   '/Users/prateekjaiswal/Ai_interviewer /Ai_interviewer/frontend/node_modules/has-flag'
120 silly reify ]
121 silly reify mark retired [
121 silly reify   '/Users/prateekjaiswal/Ai_interviewer /Ai_interviewer/frontend/node_modules/has-property-descriptors'
121 silly reify ]
122 silly reify mark retired [
122 silly reify   '/Users/prateekjaiswal/Ai_interviewer /Ai_interviewer/frontend/node_modules/has-proto'
122 silly reify ]
123 silly reify mark retired [
123 silly reify   '/Users/prateekjaiswal/Ai_interviewer /Ai_interviewer/frontend/node_modules/has-symbols'
123 silly reify ]
124 silly reify mark retired [
124 silly reify   '/Users/prateekjaiswal/Ai_interviewer /Ai_interviewer/frontend/node_modules/has-tostringtag'
124 silly reify ]
125 silly reify mark retired [
125 silly reify   '/Users/prateekjaiswal/Ai_interviewer /Ai_interviewer/frontend/node_modules/hasown'
125 silly reify ]
126 silly reify mark retired [
126 silly reify   '/Users/prateekjaiswal/Ai_interviewer /Ai_interviewer/frontend/node_modules/hermes-estree'
126 silly reify ]
127 silly reify mark retired [
127 silly reify   '/Users/prateekjaiswal/Ai_interviewer /Ai_interviewer/frontend/node_modules/hermes-parser'
127 silly reify ]
128 silly reify mark retired [
128 silly reify   '/Users/prateekjaiswal/Ai_interviewer /Ai_interviewer/frontend/node_modules/ignore'
128 silly reify ]
129 silly reify mark retired [
129 silly reify   '/Users/prateekjaiswal/Ai_interviewer /Ai_interviewer/frontend/node_modules/import-fresh'
129 silly reify ]
130 silly reify mark retired [
130 silly reify   '/Users/prateekjaiswal/Ai_interviewer /Ai_interviewer/frontend/node_modules/imurmurhash'
130 silly reify ]
131 silly reify mark retired [
131 silly reify   '/Users/prateekjaiswal/Ai_interviewer /Ai_interviewer/frontend/node_modules/internal-slot'
131 silly reify ]
132 silly reify mark retired [
132 silly reify   '/Users/prateekjaiswal/Ai_interviewer /Ai_interviewer/frontend/node_modules/is-array-buffer'
132 silly reify ]
133 silly reify mark retired [
133 silly reify   '/Users/prateekjaiswal/Ai_interviewer /Ai_interviewer/frontend/node_modules/is-async-function'
133 silly reify ]
134 silly reify mark retired [
134 silly reify   '/Users/prateekjaiswal/Ai_interviewer /Ai_interviewer/frontend/node_modules/is-bigint'
134 silly reify ]
135 silly reify mark retired [
135 silly reify   '/Users/prateekjaiswal/Ai_interviewer /Ai_interviewer/frontend/node_modules/is-boolean-object'
135 silly reify ]
136 silly reify mark retired [
136 silly reify   '/Users/prateekjaiswal/Ai_interviewer /Ai_interviewer/frontend/node_modules/is-bun-module'
136 silly reify ]
137 silly reify mark retired [
137 silly reify   '/Users/prateekjaiswal/Ai_interviewer /Ai_interviewer/frontend/node_modules/is-callable'
137 silly reify ]
138 silly reify mark retired [
138 silly reify   '/Users/prateekjaiswal/Ai_interviewer /Ai_interviewer/frontend/node_modules/is-core-module'
138 silly reify ]
139 silly reify mark retired [
139 silly reify   '/Users/prateekjaiswal/Ai_interviewer /Ai_interviewer/frontend/node_modules/is-data-view'
139 silly reify ]
140 silly reify mark retired [
140 silly reify   '/Users/prateekjaiswal/Ai_interviewer /Ai_interviewer/frontend/node_modules/is-date-object'
140 silly reify ]
141 silly reify mark retired [
141 silly reify   '/Users/prateekjaiswal/Ai_interviewer /Ai_interviewer/frontend/node_modules/is-extglob'
141 silly reify ]
142 silly reify mark retired [
142 silly reify   '/Users/prateekjaiswal/Ai_interviewer /Ai_interviewer/frontend/node_modules/is-finalizationregistry'
142 silly reify ]
143 silly reify mark retired [
143 silly reify   '/Users/prateekjaiswal/Ai_interviewer /Ai_interviewer/frontend/node_modules/is-generator-function'
143 silly reify ]
144 silly reify mark retired [
144 silly reify   '/Users/prateekjaiswal/Ai_interviewer /Ai_interviewer/frontend/node_modules/is-glob'
144 silly reify ]
145 silly reify mark retired [
145 silly reify   '/Users/prateekjaiswal/Ai_interviewer /Ai_interviewer/frontend/node_modules/is-map'
145 silly reify ]
146 silly reify mark retired [
146 silly reify   '/Users/prateekjaiswal/Ai_interviewer /Ai_interviewer/frontend/node_modules/is-negative-zero'
146 silly reify ]
147 silly reify mark retired [
147 silly reify   '/Users/prateekjaiswal/Ai_interviewer /Ai_interviewer/frontend/node_modules/is-number'
147 silly reify ]
148 silly reify mark retired [
148 silly reify   '/Users/prateekjaiswal/Ai_interviewer /Ai_interviewer/frontend/node_modules/is-number-object'
148 silly reify ]
149 silly reify mark retired [
149 silly reify   '/Users/prateekjaiswal/Ai_interviewer /Ai_interviewer/frontend/node_modules/is-regex'
149 silly reify ]
150 silly reify mark retired [
150 silly reify   '/Users/prateekjaiswal/Ai_interviewer /Ai_interviewer/frontend/node_modules/is-set'
150 silly reify ]
151 silly reify mark retired [
151 silly reify   '/Users/prateekjaiswal/Ai_interviewer /Ai_interviewer/frontend/node_modules/is-shared-array-buffer'
151 silly reify ]
152 silly reify mark retired [
152 silly reify   '/Users/prateekjaiswal/Ai_interviewer /Ai_interviewer/frontend/node_modules/is-string'
152 silly reify ]
153 silly reify mark retired [
153 silly reify   '/Users/prateekjaiswal/Ai_interviewer /Ai_interviewer/frontend/node_modules/is-symbol'
153 silly reify ]
154 silly reify mark retired [
154 silly reify   '/Users/prateekjaiswal/Ai_interviewer /Ai_interviewer/frontend/node_modules/is-typed-array'
154 silly reify ]
155 silly reify mark retired [
155 silly reify   '/Users/prateekjaiswal/Ai_interviewer /Ai_interviewer/frontend/node_modules/is-weakmap'
155 silly reify ]
156 silly reify mark retired [
156 silly reify   '/Users/prateekjaiswal/Ai_interviewer /Ai_interviewer/frontend/node_modules/is-weakref'
156 silly reify ]
157 silly reify mark retired [
157 silly reify   '/Users/prateekjaiswal/Ai_interviewer /Ai_interviewer/frontend/node_modules/isarray'
157 silly reify ]
158 silly reify mark retired [
158 silly reify   '/Users/prateekjaiswal/Ai_interviewer /Ai_interviewer/frontend/node_modules/is-weakset'
158 silly reify ]
159 silly reify mark retired [
159 silly reify   '/Users/prateekjaiswal/Ai_interviewer /Ai_interviewer/frontend/node_modules/isexe'
159 silly reify ]
160 silly reify mark retired [
160 silly reify   '/Users/prateekjaiswal/Ai_interviewer /Ai_interviewer/frontend/node_modules/iterator.prototype'
160 silly reify ]
161 silly reify mark retired [
161 silly reify   '/Users/prateekjaiswal/Ai_interviewer /Ai_interviewer/frontend/node_modules/jiti'
161 silly reify ]
162 silly reify mark retired [
162 silly reify   '/Users/prateekjaiswal/Ai_interviewer /Ai_interviewer/frontend/node_modules/jose'
162 silly reify ]
163 silly reify mark retired [
163 silly reify   '/Users/prateekjaiswal/Ai_interviewer /Ai_interviewer/frontend/node_modules/js-tokens'
163 silly reify ]
164 silly reify mark retired [
164 silly reify   '/Users/prateekjaiswal/Ai_interviewer /Ai_interviewer/frontend/node_modules/js-yaml'
164 silly reify ]
165 silly reify mark retired [
165 silly reify   '/Users/prateekjaiswal/Ai_interviewer /Ai_interviewer/frontend/node_modules/jsesc'
165 silly reify ]
166 silly reify mark retired [
166 silly reify   '/Users/prateekjaiswal/Ai_interviewer /Ai_interviewer/frontend/node_modules/json-buffer'
166 silly reify ]
167 silly reify mark retired [
167 silly reify   '/Users/prateekjaiswal/Ai_interviewer /Ai_interviewer/frontend/node_modules/json-schema-traverse'
167 silly reify ]
168 silly reify mark retired [
168 silly reify   '/Users/prateekjaiswal/Ai_interviewer /Ai_interviewer/frontend/node_modules/json-stable-stringify-without-jsonify'
168 silly reify ]
169 silly reify mark retired [
169 silly reify   '/Users/prateekjaiswal/Ai_interviewer /Ai_interviewer/frontend/node_modules/json5'
169 silly reify ]
170 silly reify mark retired [
170 silly reify   '/Users/prateekjaiswal/Ai_interviewer /Ai_interviewer/frontend/node_modules/jsx-ast-utils'
170 silly reify ]
171 silly reify mark retired [
171 silly reify   '/Users/prateekjaiswal/Ai_interviewer /Ai_interviewer/frontend/node_modules/keyv'
171 silly reify ]
172 silly reify mark retired [
172 silly reify   '/Users/prateekjaiswal/Ai_interviewer /Ai_interviewer/frontend/node_modules/language-subtag-registry'
172 silly reify ]
173 silly reify mark retired [
173 silly reify   '/Users/prateekjaiswal/Ai_interviewer /Ai_interviewer/frontend/node_modules/language-tags'
173 silly reify ]
174 silly reify mark retired [
174 silly reify   '/Users/prateekjaiswal/Ai_interviewer /Ai_interviewer/frontend/node_modules/levn'
174 silly reify ]
175 silly reify mark retired [
175 silly reify   '/Users/prateekjaiswal/Ai_interviewer /Ai_interviewer/frontend/node_modules/lightningcss'
175 silly reify ]
176 silly reify mark retired [
176 silly reify   '/Users/prateekjaiswal/Ai_interviewer /Ai_interviewer/frontend/node_modules/lightningcss-darwin-arm64'
176 silly reify ]
177 silly reify mark retired [
177 silly reify   '/Users/prateekjaiswal/Ai_interviewer /Ai_interviewer/frontend/node_modules/livekit-client'
177 silly reify ]
178 silly reify mark retired [
178 silly reify   '/Users/prateekjaiswal/Ai_interviewer /Ai_interviewer/frontend/node_modules/locate-path'
178 silly reify ]
179 silly reify mark retired [
179 silly reify   '/Users/prateekjaiswal/Ai_interviewer /Ai_interviewer/frontend/node_modules/lodash.debounce'
179 silly reify ]
180 silly reify mark retired [
180 silly reify   '/Users/prateekjaiswal/Ai_interviewer /Ai_interviewer/frontend/node_modules/lodash.merge'
180 silly reify ]
181 silly reify mark retired [
181 silly reify   '/Users/prateekjaiswal/Ai_interviewer /Ai_interviewer/frontend/node_modules/loglevel'
181 silly reify ]
182 silly reify mark retired [
182 silly reify   '/Users/prateekjaiswal/Ai_interviewer /Ai_interviewer/frontend/node_modules/loose-envify'
182 silly reify ]
183 silly reify mark retired [
183 silly reify   '/Users/prateekjaiswal/Ai_interviewer /Ai_interviewer/frontend/node_modules/lru-cache'
183 silly reify ]
184 silly reify mark retired [
184 silly reify   '/Users/prateekjaiswal/Ai_interviewer /Ai_interviewer/frontend/node_modules/lucide-react'
184 silly reify ]
185 silly reify mark retired [
185 silly reify   '/Users/prateekjaiswal/Ai_interviewer /Ai_interviewer/frontend/node_modules/magic-string'
185 silly reify ]
186 silly reify mark retired [
186 silly reify   '/Users/prateekjaiswal/Ai_interviewer /Ai_interviewer/frontend/node_modules/math-intrinsics'
186 silly reify ]
187 silly reify mark retired [
187 silly reify   '/Users/prateekjaiswal/Ai_interviewer /Ai_interviewer/frontend/node_modules/merge2'
187 silly reify ]
188 silly reify mark retired [
188 silly reify   '/Users/prateekjaiswal/Ai_interviewer /Ai_interviewer/frontend/node_modules/micromatch'
188 silly reify ]
189 silly reify mark retired [
189 silly reify   '/Users/prateekjaiswal/Ai_interviewer /Ai_interviewer/frontend/node_modules/minimatch'
189 silly reify ]
190 silly reify mark retired [
190 silly reify   '/Users/prateekjaiswal/Ai_interviewer /Ai_interviewer/frontend/node_modules/minimist'
190 silly reify ]
191 silly reify mark retired [
191 silly reify   '/Users/prateekjaiswal/Ai_interviewer /Ai_interviewer/frontend/node_modules/ms'
191 silly reify ]
192 silly reify mark retired [
192 silly reify   '/Users/prateekjaiswal/Ai_interviewer /Ai_interviewer/frontend/node_modules/nanoid'
192 silly reify ]
193 silly reify mark retired [
193 silly reify   '/Users/prateekjaiswal/Ai_interviewer /Ai_interviewer/frontend/node_modules/napi-postinstall'
193 silly reify ]
194 silly reify mark retired [
194 silly reify   '/Users/prateekjaiswal/Ai_interviewer /Ai_interviewer/frontend/node_modules/natural-compare'
194 silly reify ]
195 silly reify mark retired [
195 silly reify   '/Users/prateekjaiswal/Ai_interviewer /Ai_interviewer/frontend/node_modules/next'
195 silly reify ]
196 silly reify mark retired [
196 silly reify   '/Users/prateekjaiswal/Ai_interviewer /Ai_interviewer/frontend/node_modules/node-exports-info'
196 silly reify ]
197 silly reify mark retired [
197 silly reify   '/Users/prateekjaiswal/Ai_interviewer /Ai_interviewer/frontend/node_modules/node-releases'
197 silly reify ]
198 silly reify mark retired [
198 silly reify   '/Users/prateekjaiswal/Ai_interviewer /Ai_interviewer/frontend/node_modules/object-assign'
198 silly reify ]
199 silly reify mark retired [
199 silly reify   '/Users/prateekjaiswal/Ai_interviewer /Ai_interviewer/frontend/node_modules/object-inspect'
199 silly reify ]
200 silly reify mark retired [
200 silly reify   '/Users/prateekjaiswal/Ai_interviewer /Ai_interviewer/frontend/node_modules/object-keys'
200 silly reify ]
201 silly reify mark retired [
201 silly reify   '/Users/prateekjaiswal/Ai_interviewer /Ai_interviewer/frontend/node_modules/object.assign'
201 silly reify ]
202 silly reify mark retired [
202 silly reify   '/Users/prateekjaiswal/Ai_interviewer /Ai_interviewer/frontend/node_modules/object.entries'
202 silly reify ]
203 silly reify mark retired [
203 silly reify   '/Users/prateekjaiswal/Ai_interviewer /Ai_interviewer/frontend/node_modules/object.fromentries'
203 silly reify ]
204 silly reify mark retired [
204 silly reify   '/Users/prateekjaiswal/Ai_interviewer /Ai_interviewer/frontend/node_modules/object.groupby'
204 silly reify ]
205 silly reify mark retired [
205 silly reify   '/Users/prateekjaiswal/Ai_interviewer /Ai_interviewer/frontend/node_modules/object.values'
205 silly reify ]
206 silly reify mark retired [
206 silly reify   '/Users/prateekjaiswal/Ai_interviewer /Ai_interviewer/frontend/node_modules/optionator'
206 silly reify ]
207 silly reify mark retired [
207 silly reify   '/Users/prateekjaiswal/Ai_interviewer /Ai_interviewer/frontend/node_modules/own-keys'
207 silly reify ]
208 silly reify mark retired [
208 silly reify   '/Users/prateekjaiswal/Ai_interviewer /Ai_interviewer/frontend/node_modules/p-limit'
208 silly reify ]
209 silly reify mark retired [
209 silly reify   '/Users/prateekjaiswal/Ai_interviewer /Ai_interviewer/frontend/node_modules/p-locate'
209 silly reify ]
210 silly reify mark retired [
210 silly reify   '/Users/prateekjaiswal/Ai_interviewer /Ai_interviewer/frontend/node_modules/parent-module'
210 silly reify ]
211 silly reify mark retired [
211 silly reify   '/Users/prateekjaiswal/Ai_interviewer /Ai_interviewer/frontend/node_modules/path-exists'
211 silly reify ]
212 silly reify mark retired [
212 silly reify   '/Users/prateekjaiswal/Ai_interviewer /Ai_interviewer/frontend/node_modules/path-key'
212 silly reify ]
213 silly reify mark retired [
213 silly reify   '/Users/prateekjaiswal/Ai_interviewer /Ai_interviewer/frontend/node_modules/path-parse'
213 silly reify ]
214 silly reify mark retired [
214 silly reify   '/Users/prateekjaiswal/Ai_interviewer /Ai_interviewer/frontend/node_modules/picocolors'
214 silly reify ]
215 silly reify mark retired [
215 silly reify   '/Users/prateekjaiswal/Ai_interviewer /Ai_interviewer/frontend/node_modules/picomatch'
215 silly reify ]
216 silly reify mark retired [
216 silly reify   '/Users/prateekjaiswal/Ai_interviewer /Ai_interviewer/frontend/node_modules/possible-typed-array-names'
216 silly reify ]
217 silly reify mark retired [
217 silly reify   '/Users/prateekjaiswal/Ai_interviewer /Ai_interviewer/frontend/node_modules/postcss'
217 silly reify ]
218 silly reify mark retired [
218 silly reify   '/Users/prateekjaiswal/Ai_interviewer /Ai_interviewer/frontend/node_modules/prelude-ls'
218 silly reify ]
219 silly reify mark retired [
219 silly reify   '/Users/prateekjaiswal/Ai_interviewer /Ai_interviewer/frontend/node_modules/prop-types'
219 silly reify ]
220 silly reify mark retired [
220 silly reify   '/Users/prateekjaiswal/Ai_interviewer /Ai_interviewer/frontend/node_modules/punycode'
220 silly reify ]
221 silly reify mark retired [
221 silly reify   '/Users/prateekjaiswal/Ai_interviewer /Ai_interviewer/frontend/node_modules/queue-microtask'
221 silly reify ]
222 silly reify mark retired [
222 silly reify   '/Users/prateekjaiswal/Ai_interviewer /Ai_interviewer/frontend/node_modules/react'
222 silly reify ]
223 silly reify mark retired [
223 silly reify   '/Users/prateekjaiswal/Ai_interviewer /Ai_interviewer/frontend/node_modules/react-dom'
223 silly reify ]
224 silly reify mark retired [
224 silly reify   '/Users/prateekjaiswal/Ai_interviewer /Ai_interviewer/frontend/node_modules/react-is'
224 silly reify ]
225 silly reify mark retired [
225 silly reify   '/Users/prateekjaiswal/Ai_interviewer /Ai_interviewer/frontend/node_modules/reflect.getprototypeof'
225 silly reify ]
226 silly reify mark retired [
226 silly reify   '/Users/prateekjaiswal/Ai_interviewer /Ai_interviewer/frontend/node_modules/regexp.prototype.flags'
226 silly reify ]
227 silly reify mark retired [
227 silly reify   '/Users/prateekjaiswal/Ai_interviewer /Ai_interviewer/frontend/node_modules/resolve'
227 silly reify ]
228 silly reify mark retired [
228 silly reify   '/Users/prateekjaiswal/Ai_interviewer /Ai_interviewer/frontend/node_modules/resolve-from'
228 silly reify ]
229 silly reify mark retired [
229 silly reify   '/Users/prateekjaiswal/Ai_interviewer /Ai_interviewer/frontend/node_modules/resolve-pkg-maps'
229 silly reify ]
230 silly reify mark retired [
230 silly reify   '/Users/prateekjaiswal/Ai_interviewer /Ai_interviewer/frontend/node_modules/reusify'
230 silly reify ]
231 silly reify mark retired [
231 silly reify   '/Users/prateekjaiswal/Ai_interviewer /Ai_interviewer/frontend/node_modules/run-parallel'
231 silly reify ]
232 silly reify mark retired [
232 silly reify   '/Users/prateekjaiswal/Ai_interviewer /Ai_interviewer/frontend/node_modules/rxjs'
232 silly reify ]
233 silly reify mark retired [
233 silly reify   '/Users/prateekjaiswal/Ai_interviewer /Ai_interviewer/frontend/node_modules/safe-array-concat'
233 silly reify ]
234 silly reify mark retired [
234 silly reify   '/Users/prateekjaiswal/Ai_interviewer /Ai_interviewer/frontend/node_modules/safe-push-apply'
234 silly reify ]
235 silly reify mark retired [
235 silly reify   '/Users/prateekjaiswal/Ai_interviewer /Ai_interviewer/frontend/node_modules/safe-regex-test'
235 silly reify ]
236 silly reify mark retired [
236 silly reify   '/Users/prateekjaiswal/Ai_interviewer /Ai_interviewer/frontend/node_modules/scheduler'
236 silly reify ]
237 silly reify mark retired [
237 silly reify   '/Users/prateekjaiswal/Ai_interviewer /Ai_interviewer/frontend/node_modules/sdp'
237 silly reify ]
238 silly reify mark retired [
238 silly reify   '/Users/prateekjaiswal/Ai_interviewer /Ai_interviewer/frontend/node_modules/sdp-transform'
238 silly reify ]
239 silly reify mark retired [
239 silly reify   '/Users/prateekjaiswal/Ai_interviewer /Ai_interviewer/frontend/node_modules/semver'
239 silly reify ]
240 silly reify mark retired [
240 silly reify   '/Users/prateekjaiswal/Ai_interviewer /Ai_interviewer/frontend/node_modules/set-function-length'
240 silly reify ]
241 silly reify mark retired [
241 silly reify   '/Users/prateekjaiswal/Ai_interviewer /Ai_interviewer/frontend/node_modules/set-function-name'
241 silly reify ]
242 silly reify mark retired [
242 silly reify   '/Users/prateekjaiswal/Ai_interviewer /Ai_interviewer/frontend/node_modules/set-proto'
242 silly reify ]
243 silly reify mark retired [
243 silly reify   '/Users/prateekjaiswal/Ai_interviewer /Ai_interviewer/frontend/node_modules/sharp'
243 silly reify ]
244 silly reify mark retired [
244 silly reify   '/Users/prateekjaiswal/Ai_interviewer /Ai_interviewer/frontend/node_modules/shebang-command'
244 silly reify ]
245 silly reify mark retired [
245 silly reify   '/Users/prateekjaiswal/Ai_interviewer /Ai_interviewer/frontend/node_modules/shebang-regex'
245 silly reify ]
246 silly reify mark retired [
246 silly reify   '/Users/prateekjaiswal/Ai_interviewer /Ai_interviewer/frontend/node_modules/side-channel'
246 silly reify ]
247 silly reify mark retired [
247 silly reify   '/Users/prateekjaiswal/Ai_interviewer /Ai_interviewer/frontend/node_modules/side-channel-list'
247 silly reify ]
248 silly reify mark retired [
248 silly reify   '/Users/prateekjaiswal/Ai_interviewer /Ai_interviewer/frontend/node_modules/side-channel-map'
248 silly reify ]
249 silly reify mark retired [
249 silly reify   '/Users/prateekjaiswal/Ai_interviewer /Ai_interviewer/frontend/node_modules/side-channel-weakmap'
249 silly reify ]
250 silly reify mark retired [
250 silly reify   '/Users/prateekjaiswal/Ai_interviewer /Ai_interviewer/frontend/node_modules/source-map-js'
250 silly reify ]
251 silly reify mark retired [
251 silly reify   '/Users/prateekjaiswal/Ai_interviewer /Ai_interviewer/frontend/node_modules/stable-hash'
251 silly reify ]
252 silly reify mark retired [
252 silly reify   '/Users/prateekjaiswal/Ai_interviewer /Ai_interviewer/frontend/node_modules/stop-iteration-iterator'
252 silly reify ]
253 silly reify mark retired [
253 silly reify   '/Users/prateekjaiswal/Ai_interviewer /Ai_interviewer/frontend/node_modules/string.prototype.includes'
253 silly reify ]
254 silly reify mark retired [
254 silly reify   '/Users/prateekjaiswal/Ai_interviewer /Ai_interviewer/frontend/node_modules/string.prototype.matchall'
254 silly reify ]
255 silly reify mark retired [
255 silly reify   '/Users/prateekjaiswal/Ai_interviewer /Ai_interviewer/frontend/node_modules/string.prototype.repeat'
255 silly reify ]
256 silly reify mark retired [
256 silly reify   '/Users/prateekjaiswal/Ai_interviewer /Ai_interviewer/frontend/node_modules/string.prototype.trim'
256 silly reify ]
257 silly reify mark retired [
257 silly reify   '/Users/prateekjaiswal/Ai_interviewer /Ai_interviewer/frontend/node_modules/string.prototype.trimend'
257 silly reify ]
258 silly reify mark retired [
258 silly reify   '/Users/prateekjaiswal/Ai_interviewer /Ai_interviewer/frontend/node_modules/string.prototype.trimstart'
258 silly reify ]
259 silly reify mark retired [
259 silly reify   '/Users/prateekjaiswal/Ai_interviewer /Ai_interviewer/frontend/node_modules/strip-bom'
259 silly reify ]
260 silly reify mark retired [
260 silly reify   '/Users/prateekjaiswal/Ai_interviewer /Ai_interviewer/frontend/node_modules/strip-json-comments'
260 silly reify ]
261 silly reify mark retired [
261 silly reify   '/Users/prateekjaiswal/Ai_interviewer /Ai_interviewer/frontend/node_modules/styled-jsx'
261 silly reify ]
262 silly reify mark retired [
262 silly reify   '/Users/prateekjaiswal/Ai_interviewer /Ai_interviewer/frontend/node_modules/supports-color'
262 silly reify ]
263 silly reify mark retired [
263 silly reify   '/Users/prateekjaiswal/Ai_interviewer /Ai_interviewer/frontend/node_modules/supports-preserve-symlinks-flag'
263 silly reify ]
264 silly reify mark retired [
264 silly reify   '/Users/prateekjaiswal/Ai_interviewer /Ai_interviewer/frontend/node_modules/tailwind-merge'
264 silly reify ]
265 silly reify mark retired [
265 silly reify   '/Users/prateekjaiswal/Ai_interviewer /Ai_interviewer/frontend/node_modules/tailwindcss'
265 silly reify ]
266 silly reify mark retired [
266 silly reify   '/Users/prateekjaiswal/Ai_interviewer /Ai_interviewer/frontend/node_modules/tapable'
266 silly reify ]
267 silly reify mark retired [
267 silly reify   '/Users/prateekjaiswal/Ai_interviewer /Ai_interviewer/frontend/node_modules/tinyglobby'
267 silly reify ]
268 silly reify mark retired [
268 silly reify   '/Users/prateekjaiswal/Ai_interviewer /Ai_interviewer/frontend/node_modules/to-regex-range'
268 silly reify ]
269 silly reify mark retired [
269 silly reify   '/Users/prateekjaiswal/Ai_interviewer /Ai_interviewer/frontend/node_modules/ts-api-utils'
269 silly reify ]
270 silly reify mark retired [
270 silly reify   '/Users/prateekjaiswal/Ai_interviewer /Ai_interviewer/frontend/node_modules/tsconfig-paths'
270 silly reify ]
271 silly reify mark retired [
271 silly reify   '/Users/prateekjaiswal/Ai_interviewer /Ai_interviewer/frontend/node_modules/tslib'
271 silly reify ]
272 silly reify mark retired [
272 silly reify   '/Users/prateekjaiswal/Ai_interviewer /Ai_interviewer/frontend/node_modules/type-check'
272 silly reify ]
273 silly reify mark retired [
273 silly reify   '/Users/prateekjaiswal/Ai_interviewer /Ai_interviewer/frontend/node_modules/typed-array-byte-length'
273 silly reify ]
274 silly reify mark retired [
274 silly reify   '/Users/prateekjaiswal/Ai_interviewer /Ai_interviewer/frontend/node_modules/typed-array-buffer'
274 silly reify ]
275 silly reify mark retired [
275 silly reify   '/Users/prateekjaiswal/Ai_interviewer /Ai_interviewer/frontend/node_modules/typed-array-byte-offset'
275 silly reify ]
276 silly reify mark retired [
276 silly reify   '/Users/prateekjaiswal/Ai_interviewer /Ai_interviewer/frontend/node_modules/typed-array-length'
276 silly reify ]
277 silly reify mark retired [
277 silly reify   '/Users/prateekjaiswal/Ai_interviewer /Ai_interviewer/frontend/node_modules/typed-emitter'
277 silly reify ]
278 silly reify mark retired [
278 silly reify   '/Users/prateekjaiswal/Ai_interviewer /Ai_interviewer/frontend/node_modules/typescript'
278 silly reify ]
279 silly reify mark retired [
279 silly reify   '/Users/prateekjaiswal/Ai_interviewer /Ai_interviewer/frontend/node_modules/typescript-eslint'
279 silly reify ]
280 silly reify mark retired [
280 silly reify   '/Users/prateekjaiswal/Ai_interviewer /Ai_interviewer/frontend/node_modules/unbox-primitive'
280 silly reify ]
281 silly reify mark retired [
281 silly reify   '/Users/prateekjaiswal/Ai_interviewer /Ai_interviewer/frontend/node_modules/undici-types'
281 silly reify ]
282 silly reify mark retired [
282 silly reify   '/Users/prateekjaiswal/Ai_interviewer /Ai_interviewer/frontend/node_modules/unrs-resolver'
282 silly reify ]
283 silly reify mark retired [
283 silly reify   '/Users/prateekjaiswal/Ai_interviewer /Ai_interviewer/frontend/node_modules/update-browserslist-db'
283 silly reify ]
284 silly reify mark retired [
284 silly reify   '/Users/prateekjaiswal/Ai_interviewer /Ai_interviewer/frontend/node_modules/uri-js'
284 silly reify ]
285 silly reify mark retired [
285 silly reify   '/Users/prateekjaiswal/Ai_interviewer /Ai_interviewer/frontend/node_modules/usehooks-ts'
285 silly reify ]
286 silly reify mark retired [
286 silly reify   '/Users/prateekjaiswal/Ai_interviewer /Ai_interviewer/frontend/node_modules/webrtc-adapter'
286 silly reify ]
287 silly reify mark retired [
287 silly reify   '/Users/prateekjaiswal/Ai_interviewer /Ai_interviewer/frontend/node_modules/which'
287 silly reify ]
288 silly reify mark retired [
288 silly reify   '/Users/prateekjaiswal/Ai_interviewer /Ai_interviewer/frontend/node_modules/which-boxed-primitive'
288 silly reify ]
289 silly reify mark retired [
289 silly reify   '/Users/prateekjaiswal/Ai_interviewer /Ai_interviewer/frontend/node_modules/which-builtin-type'
289 silly reify ]
290 silly reify mark retired [
290 silly reify   '/Users/prateekjaiswal/Ai_interviewer /Ai_interviewer/frontend/node_modules/which-collection'
290 silly reify ]
291 silly reify mark retired [
291 silly reify   '/Users/prateekjaiswal/Ai_interviewer /Ai_interviewer/frontend/node_modules/which-typed-array'
291 silly reify ]
292 silly reify mark retired [
292 silly reify   '/Users/prateekjaiswal/Ai_interviewer /Ai_interviewer/frontend/node_modules/word-wrap'
292 silly reify ]
293 silly reify mark retired [
293 silly reify   '/Users/prateekjaiswal/Ai_interviewer /Ai_interviewer/frontend/node_modules/yallist'
293 silly reify ]
294 silly reify mark retired [
294 silly reify   '/Users/prateekjaiswal/Ai_interviewer /Ai_interviewer/frontend/node_modules/yocto-queue'
294 silly reify ]
295 silly reify mark retired [
295 silly reify   '/Users/prateekjaiswal/Ai_interviewer /Ai_interviewer/frontend/node_modules/zod'
295 silly reify ]
296 silly reify mark retired [
296 silly reify   '/Users/prateekjaiswal/Ai_interviewer /Ai_interviewer/frontend/node_modules/zod-validation-error'
296 silly reify ]
297 silly reify mark retired [
297 silly reify   '/Users/prateekjaiswal/Ai_interviewer /Ai_interviewer/frontend/node_modules/@alloc/quick-lru'
297 silly reify ]
298 silly reify mark retired [
298 silly reify   '/Users/prateekjaiswal/Ai_interviewer /Ai_interviewer/frontend/node_modules/@babel/code-frame'
298 silly reify ]
299 silly reify mark retired [
299 silly reify   '/Users/prateekjaiswal/Ai_interviewer /Ai_interviewer/frontend/node_modules/@babel/compat-data'
299 silly reify ]
300 silly reify mark retired [
300 silly reify   '/Users/prateekjaiswal/Ai_interviewer /Ai_interviewer/frontend/node_modules/@babel/core'
300 silly reify ]
301 silly reify mark retired [
301 silly reify   '/Users/prateekjaiswal/Ai_interviewer /Ai_interviewer/frontend/node_modules/@babel/generator'
301 silly reify ]
302 silly reify mark retired [
302 silly reify   '/Users/prateekjaiswal/Ai_interviewer /Ai_interviewer/frontend/node_modules/@babel/helper-compilation-targets'
302 silly reify ]
303 silly reify mark retired [
303 silly reify   '/Users/prateekjaiswal/Ai_interviewer /Ai_interviewer/frontend/node_modules/@babel/helper-globals'
303 silly reify ]
304 silly reify mark retired [
304 silly reify   '/Users/prateekjaiswal/Ai_interviewer /Ai_interviewer/frontend/node_modules/@babel/helper-module-imports'
304 silly reify ]
305 silly reify mark retired [
305 silly reify   '/Users/prateekjaiswal/Ai_interviewer /Ai_interviewer/frontend/node_modules/@babel/helper-module-transforms'
305 silly reify ]
306 silly reify mark retired [
306 silly reify   '/Users/prateekjaiswal/Ai_interviewer /Ai_interviewer/frontend/node_modules/@babel/helper-string-parser'
306 silly reify ]
307 silly reify mark retired [
307 silly reify   '/Users/prateekjaiswal/Ai_interviewer /Ai_interviewer/frontend/node_modules/@babel/helper-validator-identifier'
307 silly reify ]
308 silly reify mark retired [
308 silly reify   '/Users/prateekjaiswal/Ai_interviewer /Ai_interviewer/frontend/node_modules/@babel/helper-validator-option'
308 silly reify ]
309 silly reify mark retired [
309 silly reify   '/Users/prateekjaiswal/Ai_interviewer /Ai_interviewer/frontend/node_modules/@babel/helpers'
309 silly reify ]
310 silly reify mark retired [
310 silly reify   '/Users/prateekjaiswal/Ai_interviewer /Ai_interviewer/frontend/node_modules/@babel/parser'
310 silly reify ]
311 silly reify mark retired [
311 silly reify   '/Users/prateekjaiswal/Ai_interviewer /Ai_interviewer/frontend/node_modules/@babel/template'
311 silly reify ]
312 silly reify mark retired [
312 silly reify   '/Users/prateekjaiswal/Ai_interviewer /Ai_interviewer/frontend/node_modules/@babel/traverse'
312 silly reify ]
313 silly reify mark retired [
313 silly reify   '/Users/prateekjaiswal/Ai_interviewer /Ai_interviewer/frontend/node_modules/@babel/types'
313 silly reify ]
314 silly reify mark retired [
314 silly reify   '/Users/prateekjaiswal/Ai_interviewer /Ai_interviewer/frontend/node_modules/@bufbuild/protobuf'
314 silly reify ]
315 silly reify mark retired [
315 silly reify   '/Users/prateekjaiswal/Ai_interviewer /Ai_interviewer/frontend/node_modules/@emnapi/core'
315 silly reify ]
316 silly reify mark retired [
316 silly reify   '/Users/prateekjaiswal/Ai_interviewer /Ai_interviewer/frontend/node_modules/@emnapi/runtime'
316 silly reify ]
317 silly reify mark retired [
317 silly reify   '/Users/prateekjaiswal/Ai_interviewer /Ai_interviewer/frontend/node_modules/@emnapi/wasi-threads'
317 silly reify ]
318 silly reify mark retired [
318 silly reify   '/Users/prateekjaiswal/Ai_interviewer /Ai_interviewer/frontend/node_modules/@eslint/config-array'
318 silly reify ]
319 silly reify mark retired [
319 silly reify   '/Users/prateekjaiswal/Ai_interviewer /Ai_interviewer/frontend/node_modules/@eslint/config-helpers'
319 silly reify ]
320 silly reify mark retired [
320 silly reify   '/Users/prateekjaiswal/Ai_interviewer /Ai_interviewer/frontend/node_modules/@eslint/core'
320 silly reify ]
321 silly reify mark retired [
321 silly reify   '/Users/prateekjaiswal/Ai_interviewer /Ai_interviewer/frontend/node_modules/@eslint/eslintrc'
321 silly reify ]
322 silly reify mark retired [
322 silly reify   '/Users/prateekjaiswal/Ai_interviewer /Ai_interviewer/frontend/node_modules/@eslint/js'
322 silly reify ]
323 silly reify mark retired [
323 silly reify   '/Users/prateekjaiswal/Ai_interviewer /Ai_interviewer/frontend/node_modules/@eslint/object-schema'
323 silly reify ]
324 silly reify mark retired [
324 silly reify   '/Users/prateekjaiswal/Ai_interviewer /Ai_interviewer/frontend/node_modules/@eslint/plugin-kit'
324 silly reify ]
325 silly reify mark retired [
325 silly reify   '/Users/prateekjaiswal/Ai_interviewer /Ai_interviewer/frontend/node_modules/@eslint-community/eslint-utils'
325 silly reify ]
326 silly reify mark retired [
326 silly reify   '/Users/prateekjaiswal/Ai_interviewer /Ai_interviewer/frontend/node_modules/@eslint-community/regexpp'
326 silly reify ]
327 silly reify mark retired [
327 silly reify   '/Users/prateekjaiswal/Ai_interviewer /Ai_interviewer/frontend/node_modules/@floating-ui/core'
327 silly reify ]
328 silly reify mark retired [
328 silly reify   '/Users/prateekjaiswal/Ai_interviewer /Ai_interviewer/frontend/node_modules/@floating-ui/dom'
328 silly reify ]
329 silly reify mark retired [
329 silly reify   '/Users/prateekjaiswal/Ai_interviewer /Ai_interviewer/frontend/node_modules/@floating-ui/utils'
329 silly reify ]
330 silly reify mark retired [
330 silly reify   '/Users/prateekjaiswal/Ai_interviewer /Ai_interviewer/frontend/node_modules/@humanfs/core'
330 silly reify ]
331 silly reify mark retired [
331 silly reify   '/Users/prateekjaiswal/Ai_interviewer /Ai_interviewer/frontend/node_modules/@humanfs/node'
331 silly reify ]
332 silly reify mark retired [
332 silly reify   '/Users/prateekjaiswal/Ai_interviewer /Ai_interviewer/frontend/node_modules/@humanfs/types'
332 silly reify ]
333 silly reify mark retired [
333 silly reify   '/Users/prateekjaiswal/Ai_interviewer /Ai_interviewer/frontend/node_modules/@humanwhocodes/module-importer'
333 silly reify ]
334 silly reify mark retired [
334 silly reify   '/Users/prateekjaiswal/Ai_interviewer /Ai_interviewer/frontend/node_modules/@humanwhocodes/retry'
334 silly reify ]
335 silly reify mark retired [
335 silly reify   '/Users/prateekjaiswal/Ai_interviewer /Ai_interviewer/frontend/node_modules/@img/colour'
335 silly reify ]
336 silly reify mark retired [
336 silly reify   '/Users/prateekjaiswal/Ai_interviewer /Ai_interviewer/frontend/node_modules/@img/sharp-darwin-arm64'
336 silly reify ]
337 silly reify mark retired [
337 silly reify   '/Users/prateekjaiswal/Ai_interviewer /Ai_interviewer/frontend/node_modules/@img/sharp-libvips-darwin-arm64'
337 silly reify ]
338 silly reify mark retired [
338 silly reify   '/Users/prateekjaiswal/Ai_interviewer /Ai_interviewer/frontend/node_modules/@jridgewell/gen-mapping'
338 silly reify ]
339 silly reify mark retired [
339 silly reify   '/Users/prateekjaiswal/Ai_interviewer /Ai_interviewer/frontend/node_modules/@jridgewell/remapping'
339 silly reify ]
340 silly reify mark retired [
340 silly reify   '/Users/prateekjaiswal/Ai_interviewer /Ai_interviewer/frontend/node_modules/@jridgewell/resolve-uri'
340 silly reify ]
341 silly reify mark retired [
341 silly reify   '/Users/prateekjaiswal/Ai_interviewer /Ai_interviewer/frontend/node_modules/@jridgewell/sourcemap-codec'
341 silly reify ]
342 silly reify mark retired [
342 silly reify   '/Users/prateekjaiswal/Ai_interviewer /Ai_interviewer/frontend/node_modules/@jridgewell/trace-mapping'
342 silly reify ]
343 silly reify mark retired [
343 silly reify   '/Users/prateekjaiswal/Ai_interviewer /Ai_interviewer/frontend/node_modules/@livekit/components-core'
343 silly reify ]
344 silly reify mark retired [
344 silly reify   '/Users/prateekjaiswal/Ai_interviewer /Ai_interviewer/frontend/node_modules/@livekit/components-react'
344 silly reify ]
345 silly reify mark retired [
345 silly reify   '/Users/prateekjaiswal/Ai_interviewer /Ai_interviewer/frontend/node_modules/@livekit/components-styles'
345 silly reify ]
346 silly reify mark retired [
346 silly reify   '/Users/prateekjaiswal/Ai_interviewer /Ai_interviewer/frontend/node_modules/@livekit/protocol'
346 silly reify ]
347 silly reify mark retired [
347 silly reify   '/Users/prateekjaiswal/Ai_interviewer /Ai_interviewer/frontend/node_modules/@napi-rs/wasm-runtime'
347 silly reify ]
348 silly reify mark retired [
348 silly reify   '/Users/prateekjaiswal/Ai_interviewer /Ai_interviewer/frontend/node_modules/@next/env'
348 silly reify ]
349 silly reify mark retired [
349 silly reify   '/Users/prateekjaiswal/Ai_interviewer /Ai_interviewer/frontend/node_modules/@livekit/mutex'
349 silly reify ]
350 silly reify mark retired [
350 silly reify   '/Users/prateekjaiswal/Ai_interviewer /Ai_interviewer/frontend/node_modules/@next/eslint-plugin-next'
350 silly reify ]
351 silly reify mark retired [
351 silly reify   '/Users/prateekjaiswal/Ai_interviewer /Ai_interviewer/frontend/node_modules/@next/swc-darwin-arm64'
351 silly reify ]
352 silly reify mark retired [
352 silly reify   '/Users/prateekjaiswal/Ai_interviewer /Ai_interviewer/frontend/node_modules/@nodelib/fs.scandir'
352 silly reify ]
353 silly reify mark retired [
353 silly reify   '/Users/prateekjaiswal/Ai_interviewer /Ai_interviewer/frontend/node_modules/@nodelib/fs.stat'
353 silly reify ]
354 silly reify mark retired [
354 silly reify   '/Users/prateekjaiswal/Ai_interviewer /Ai_interviewer/frontend/node_modules/@nodelib/fs.walk'
354 silly reify ]
355 silly reify mark retired [
355 silly reify   '/Users/prateekjaiswal/Ai_interviewer /Ai_interviewer/frontend/node_modules/@nolyfill/is-core-module'
355 silly reify ]
356 silly reify mark retired [
356 silly reify   '/Users/prateekjaiswal/Ai_interviewer /Ai_interviewer/frontend/node_modules/@rtsao/scc'
356 silly reify ]
357 silly reify mark retired [
357 silly reify   '/Users/prateekjaiswal/Ai_interviewer /Ai_interviewer/frontend/node_modules/@swc/helpers'
357 silly reify ]
358 silly reify mark retired [
358 silly reify   '/Users/prateekjaiswal/Ai_interviewer /Ai_interviewer/frontend/node_modules/@tailwindcss/node'
358 silly reify ]
359 silly reify mark retired [
359 silly reify   '/Users/prateekjaiswal/Ai_interviewer /Ai_interviewer/frontend/node_modules/@tailwindcss/oxide'
359 silly reify ]
360 silly reify mark retired [
360 silly reify   '/Users/prateekjaiswal/Ai_interviewer /Ai_interviewer/frontend/node_modules/@tailwindcss/oxide-darwin-arm64'
360 silly reify ]
361 silly reify mark retired [
361 silly reify   '/Users/prateekjaiswal/Ai_interviewer /Ai_interviewer/frontend/node_modules/@tailwindcss/postcss'
361 silly reify ]
362 silly reify mark retired [
362 silly reify   '/Users/prateekjaiswal/Ai_interviewer /Ai_interviewer/frontend/node_modules/@tybys/wasm-util'
362 silly reify ]
363 silly reify mark retired [
363 silly reify   '/Users/prateekjaiswal/Ai_interviewer /Ai_interviewer/frontend/node_modules/@types/dom-mediacapture-record'
363 silly reify ]
364 silly reify mark retired [
364 silly reify   '/Users/prateekjaiswal/Ai_interviewer /Ai_interviewer/frontend/node_modules/@types/json-schema'
364 silly reify ]
365 silly reify mark retired [
365 silly reify   '/Users/prateekjaiswal/Ai_interviewer /Ai_interviewer/frontend/node_modules/@types/estree'
365 silly reify ]
366 silly reify mark retired [
366 silly reify   '/Users/prateekjaiswal/Ai_interviewer /Ai_interviewer/frontend/node_modules/@types/json5'
366 silly reify ]
367 silly reify mark retired [
367 silly reify   '/Users/prateekjaiswal/Ai_interviewer /Ai_interviewer/frontend/node_modules/@types/node'
367 silly reify ]
368 silly reify mark retired [
368 silly reify   '/Users/prateekjaiswal/Ai_interviewer /Ai_interviewer/frontend/node_modules/@types/react'
368 silly reify ]
369 silly reify mark retired [
369 silly reify   '/Users/prateekjaiswal/Ai_interviewer /Ai_interviewer/frontend/node_modules/@types/react-dom'
369 silly reify ]
370 silly reify mark retired [
370 silly reify   '/Users/prateekjaiswal/Ai_interviewer /Ai_interviewer/frontend/node_modules/@typescript-eslint/eslint-plugin'
370 silly reify ]
371 silly reify mark retired [
371 silly reify   '/Users/prateekjaiswal/Ai_interviewer /Ai_interviewer/frontend/node_modules/@typescript-eslint/project-service'
371 silly reify ]
372 silly reify mark retired [
372 silly reify   '/Users/prateekjaiswal/Ai_interviewer /Ai_interviewer/frontend/node_modules/@typescript-eslint/parser'
372 silly reify ]
373 silly reify mark retired [
373 silly reify   '/Users/prateekjaiswal/Ai_interviewer /Ai_interviewer/frontend/node_modules/@typescript-eslint/scope-manager'
373 silly reify ]
374 silly reify mark retired [
374 silly reify   '/Users/prateekjaiswal/Ai_interviewer /Ai_interviewer/frontend/node_modules/@typescript-eslint/tsconfig-utils'
374 silly reify ]
375 silly reify mark retired [
375 silly reify   '/Users/prateekjaiswal/Ai_interviewer /Ai_interviewer/frontend/node_modules/@typescript-eslint/type-utils'
375 silly reify ]
376 silly reify mark retired [
376 silly reify   '/Users/prateekjaiswal/Ai_interviewer /Ai_interviewer/frontend/node_modules/@typescript-eslint/types'
376 silly reify ]
377 silly reify mark retired [
377 silly reify   '/Users/prateekjaiswal/Ai_interviewer /Ai_interviewer/frontend/node_modules/@typescript-eslint/typescript-estree'
377 silly reify ]
378 silly reify mark retired [
378 silly reify   '/Users/prateekjaiswal/Ai_interviewer /Ai_interviewer/frontend/node_modules/@typescript-eslint/utils'
378 silly reify ]
379 silly reify mark retired [
379 silly reify   '/Users/prateekjaiswal/Ai_interviewer /Ai_interviewer/frontend/node_modules/@typescript-eslint/visitor-keys'
379 silly reify ]
380 silly reify mark retired [
380 silly reify   '/Users/prateekjaiswal/Ai_interviewer /Ai_interviewer/frontend/node_modules/@unrs/resolver-binding-darwin-arm64'
380 silly reify ]
381 silly reify moves {
381 silly reify   '/Users/prateekjaiswal/Ai_interviewer /Ai_interviewer/frontend/node_modules/acorn': '/Users/prateekjaiswal/Ai_interviewer /Ai_interviewer/frontend/node_modules/.acorn-uKimSyRo',
381 silly reify   '/Users/prateekjaiswal/Ai_interviewer /Ai_interviewer/frontend/node_modules/acorn-jsx': '/Users/prateekjaiswal/Ai_interviewer /Ai_interviewer/frontend/node_modules/.acorn-jsx-ICV2nAyw',
381 silly reify   '/Users/prateekjaiswal/Ai_interviewer /Ai_interviewer/frontend/node_modules/ajv': '/Users/prateekjaiswal/Ai_interviewer /Ai_interviewer/frontend/node_modules/.ajv-pgEIZPpV',
381 silly reify   '/Users/prateekjaiswal/Ai_interviewer /Ai_interviewer/frontend/node_modules/ansi-styles': '/Users/prateekjaiswal/Ai_interviewer /Ai_interviewer/frontend/node_modules/.ansi-styles-aVaaRtjT',
381 silly reify   '/Users/prateekjaiswal/Ai_interviewer /Ai_interviewer/frontend/node_modules/argparse': '/Users/prateekjaiswal/Ai_interviewer /Ai_interviewer/frontend/node_modules/.argparse-XIBNATr7',
381 silly reify   '/Users/prateekjaiswal/Ai_interviewer /Ai_interviewer/frontend/node_modules/aria-query': '/Users/prateekjaiswal/Ai_interviewer /Ai_interviewer/frontend/node_modules/.aria-query-WWoufnaf',
381 silly reify   '/Users/prateekjaiswal/Ai_interviewer /Ai_interviewer/frontend/node_modules/array-buffer-byte-length': '/Users/prateekjaiswal/Ai_interviewer /Ai_interviewer/frontend/node_modules/.array-buffer-byte-length-uDRFB5t0',
381 silly reify   '/Users/prateekjaiswal/Ai_interviewer /Ai_interviewer/frontend/node_modules/array-includes': '/Users/prateekjaiswal/Ai_interviewer /Ai_interviewer/frontend/node_modules/.array-includes-Yswd3M9K',
381 silly reify   '/Users/prateekjaiswal/Ai_interviewer /Ai_interviewer/frontend/node_modules/array.prototype.findlast': '/Users/prateekjaiswal/Ai_interviewer /Ai_interviewer/frontend/node_modules/.array.prototype.findlast-Fl76A0Gp',
381 silly reify   '/Users/prateekjaiswal/Ai_interviewer /Ai_interviewer/frontend/node_modules/array.prototype.findlastindex': '/Users/prateekjaiswal/Ai_interviewer /Ai_interviewer/frontend/node_modules/.array.prototype.findlastindex-gkjy0ppQ',
381 silly reify   '/Users/prateekjaiswal/Ai_interviewer /Ai_interviewer/frontend/node_modules/array.prototype.flat': '/Users/prateekjaiswal/Ai_interviewer /Ai_interviewer/frontend/node_modules/.array.prototype.flat-45ktya6w',
381 silly reify   '/Users/prateekjaiswal/Ai_interviewer /Ai_interviewer/frontend/node_modules/array.prototype.flatmap': '/Users/prateekjaiswal/Ai_interviewer /Ai_interviewer/frontend/node_modules/.array.prototype.flatmap-GjYqUp48',
381 silly reify   '/Users/prateekjaiswal/Ai_interviewer /Ai_interviewer/frontend/node_modules/array.prototype.tosorted': '/Users/prateekjaiswal/Ai_interviewer /Ai_interviewer/frontend/node_modules/.array.prototype.tosorted-2loReyjt',
381 silly reify   '/Users/prateekjaiswal/Ai_interviewer /Ai_interviewer/frontend/node_modules/arraybuffer.prototype.slice': '/Users/prateekjaiswal/Ai_interviewer /Ai_interviewer/frontend/node_modules/.arraybuffer.prototype.slice-qDtCVDlf',
381 silly reify   '/Users/prateekjaiswal/Ai_interviewer /Ai_interviewer/frontend/node_modules/ast-types-flow': '/Users/prateekjaiswal/Ai_interviewer /Ai_interviewer/frontend/node_modules/.ast-types-flow-ScyNaiMy',
381 silly reify   '/Users/prateekjaiswal/Ai_interviewer /Ai_interviewer/frontend/node_modules/async-function': '/Users/prateekjaiswal/Ai_interviewer /Ai_interviewer/frontend/node_modules/.async-function-NTkxgznT',
381 silly reify   '/Users/prateekjaiswal/Ai_interviewer /Ai_interviewer/frontend/node_modules/available-typed-arrays': '/Users/prateekjaiswal/Ai_interviewer /Ai_interviewer/frontend/node_modules/.available-typed-arrays-NJDnAeJN',
381 silly reify   '/Users/prateekjaiswal/Ai_interviewer /Ai_interviewer/frontend/node_modules/axe-core': '/Users/prateekjaiswal/Ai_interviewer /Ai_interviewer/frontend/node_modules/.axe-core-zXfMjO50',
381 silly reify   '/Users/prateekjaiswal/Ai_interviewer /Ai_interviewer/frontend/node_modules/axobject-query': '/Users/prateekjaiswal/Ai_interviewer /Ai_interviewer/frontend/node_modules/.axobject-query-nRv19Ile',
381 silly reify   '/Users/prateekjaiswal/Ai_interviewer /Ai_interviewer/frontend/node_modules/balanced-match': '/Users/prateekjaiswal/Ai_interviewer /Ai_interviewer/frontend/node_modules/.balanced-match-Da8iiAQV',
381 silly reify   '/Users/prateekjaiswal/Ai_interviewer /Ai_interviewer/frontend/node_modules/baseline-browser-mapping': '/Users/prateekjaiswal/Ai_interviewer /Ai_interviewer/frontend/node_modules/.baseline-browser-mapping-GVZMfE7i',
381 silly reify   '/Users/prateekjaiswal/Ai_interviewer /Ai_interviewer/frontend/node_modules/brace-expansion': '/Users/prateekjaiswal/Ai_interviewer /Ai_interviewer/frontend/node_modules/.brace-expansion-ZQLTu3O3',
381 silly reify   '/Users/prateekjaiswal/Ai_interviewer /Ai_interviewer/frontend/node_modules/braces': '/Users/prateekjaiswal/Ai_interviewer /Ai_interviewer/frontend/node_modules/.braces-RnYD1g3u',
381 silly reify   '/Users/prateekjaiswal/Ai_interviewer /Ai_interviewer/frontend/node_modules/browserslist': '/Users/prateekjaiswal/Ai_interviewer /Ai_interviewer/frontend/node_modules/.browserslist-vZc9ZxTr',
381 silly reify   '/Users/prateekjaiswal/Ai_interviewer /Ai_interviewer/frontend/node_modules/call-bind': '/Users/prateekjaiswal/Ai_interviewer /Ai_interviewer/frontend/node_modules/.call-bind-VN3VxAci',
381 silly reify   '/Users/prateekjaiswal/Ai_interviewer /Ai_interviewer/frontend/node_modules/call-bind-apply-helpers': '/Users/prateekjaiswal/Ai_interviewer /Ai_interviewer/frontend/node_modules/.call-bind-apply-helpers-s0A4mbwX',
381 silly reify   '/Users/prateekjaiswal/Ai_interviewer /Ai_interviewer/frontend/node_modules/call-bound': '/Users/prateekjaiswal/Ai_interviewer /Ai_interviewer/frontend/node_modules/.call-bound-G8M8aceX',
381 silly reify   '/Users/prateekjaiswal/Ai_interviewer /Ai_interviewer/frontend/node_modules/callsites': '/Users/prateekjaiswal/Ai_interviewer /Ai_interviewer/frontend/node_modules/.callsites-0IObwHNs',
381 silly reify   '/Users/prateekjaiswal/Ai_interviewer /Ai_interviewer/frontend/node_modules/caniuse-lite': '/Users/prateekjaiswal/Ai_interviewer /Ai_interviewer/frontend/node_modules/.caniuse-lite-RwVW2jNT',
381 silly reify   '/Users/prateekjaiswal/Ai_interviewer /Ai_interviewer/frontend/node_modules/chalk': '/Users/prateekjaiswal/Ai_interviewer /Ai_interviewer/frontend/node_modules/.chalk-fCnZ5h9Y',
381 silly reify   '/Users/prateekjaiswal/Ai_interviewer /Ai_interviewer/frontend/node_modules/client-only': '/Users/prateekjaiswal/Ai_interviewer /Ai_interviewer/frontend/node_modules/.client-only-Ws9AXY0l',
381 silly reify   '/Users/prateekjaiswal/Ai_interviewer /Ai_interviewer/frontend/node_modules/clsx': '/Users/prateekjaiswal/Ai_interviewer /Ai_interviewer/frontend/node_modules/.clsx-nLFwfYYv',
381 silly reify   '/Users/prateekjaiswal/Ai_interviewer /Ai_interviewer/frontend/node_modules/color-convert': '/Users/prateekjaiswal/Ai_interviewer /Ai_interviewer/frontend/node_modules/.color-convert-ldImi80D',
381 silly reify   '/Users/prateekjaiswal/Ai_interviewer /Ai_interviewer/frontend/node_modules/color-name': '/Users/prateekjaiswal/Ai_interviewer /Ai_interviewer/frontend/node_modules/.color-name-9E0kKwiv',
381 silly reify   '/Users/prateekjaiswal/Ai_interviewer /Ai_interviewer/frontend/node_modules/concat-map': '/Users/prateekjaiswal/Ai_interviewer /Ai_interviewer/frontend/node_modules/.concat-map-0iAMhM4F',
381 silly reify   '/Users/prateekjaiswal/Ai_interviewer /Ai_interviewer/frontend/node_modules/convert-source-map': '/Users/prateekjaiswal/Ai_interviewer /Ai_interviewer/frontend/node_modules/.convert-source-map-AgrLTSAU',
381 silly reify   '/Users/prateekjaiswal/Ai_interviewer /Ai_interviewer/frontend/node_modules/cross-spawn': '/Users/prateekjaiswal/Ai_interviewer /Ai_interviewer/frontend/node_modules/.cross-spawn-tt3DSf8g',
381 silly reify   '/Users/prateekjaiswal/Ai_interviewer /Ai_interviewer/frontend/node_modules/csstype': '/Users/prateekjaiswal/Ai_interviewer /Ai_interviewer/frontend/node_modules/.csstype-tSVEuf27',
381 silly reify   '/Users/prateekjaiswal/Ai_interviewer /Ai_interviewer/frontend/node_modules/damerau-levenshtein': '/Users/prateekjaiswal/Ai_interviewer /Ai_interviewer/frontend/node_modules/.damerau-levenshtein-uXnFcfB1',
381 silly reify   '/Users/prateekjaiswal/Ai_interviewer /Ai_interviewer/frontend/node_modules/data-view-buffer': '/Users/prateekjaiswal/Ai_interviewer /Ai_interviewer/frontend/node_modules/.data-view-buffer-dYjewmsN',
381 silly reify   '/Users/prateekjaiswal/Ai_interviewer /Ai_interviewer/frontend/node_modules/data-view-byte-length': '/Users/prateekjaiswal/Ai_interviewer /Ai_interviewer/frontend/node_modules/.data-view-byte-length-e1jtDGPQ',
381 silly reify   '/Users/prateekjaiswal/Ai_interviewer /Ai_interviewer/frontend/node_modules/data-view-byte-offset': '/Users/prateekjaiswal/Ai_interviewer /Ai_interviewer/frontend/node_modules/.data-view-byte-offset-zomv0Sqo',
381 silly reify   '/Users/prateekjaiswal/Ai_interviewer /Ai_interviewer/frontend/node_modules/debug': '/Users/prateekjaiswal/Ai_interviewer /Ai_interviewer/frontend/node_modules/.debug-B7LI94j8',
381 silly reify   '/Users/prateekjaiswal/Ai_interviewer /Ai_interviewer/frontend/node_modules/deep-is': '/Users/prateekjaiswal/Ai_interviewer /Ai_interviewer/frontend/node_modules/.deep-is-vjqU0hkR',
381 silly reify   '/Users/prateekjaiswal/Ai_interviewer /Ai_interviewer/frontend/node_modules/define-properties': '/Users/prateekjaiswal/Ai_interviewer /Ai_interviewer/frontend/node_modules/.define-properties-kr4Zg6cR',
381 silly reify   '/Users/prateekjaiswal/Ai_interviewer /Ai_interviewer/frontend/node_modules/detect-libc': '/Users/prateekjaiswal/Ai_interviewer /Ai_interviewer/frontend/node_modules/.detect-libc-3tEUVEIG',
381 silly reify   '/Users/prateekjaiswal/Ai_interviewer /Ai_interviewer/frontend/node_modules/doctrine': '/Users/prateekjaiswal/Ai_interviewer /Ai_interviewer/frontend/node_modules/.doctrine-76OI5EkQ',
381 silly reify   '/Users/prateekjaiswal/Ai_interviewer /Ai_interviewer/frontend/node_modules/dunder-proto': '/Users/prateekjaiswal/Ai_interviewer /Ai_interviewer/frontend/node_modules/.dunder-proto-NhNjbqH7',
381 silly reify   '/Users/prateekjaiswal/Ai_interviewer /Ai_interviewer/frontend/node_modules/electron-to-chromium': '/Users/prateekjaiswal/Ai_interviewer /Ai_interviewer/frontend/node_modules/.electron-to-chromium-N9gcZSxw',
381 silly reify   '/Users/prateekjaiswal/Ai_interviewer /Ai_interviewer/frontend/node_modules/emoji-regex': '/Users/prateekjaiswal/Ai_interviewer /Ai_interviewer/frontend/node_modules/.emoji-regex-R6b3mhGu',
381 silly reify   '/Users/prateekjaiswal/Ai_interviewer /Ai_interviewer/frontend/node_modules/enhanced-resolve': '/Users/prateekjaiswal/Ai_interviewer /Ai_interviewer/frontend/node_modules/.enhanced-resolve-oMaljyIT',
381 silly reify   '/Users/prateekjaiswal/Ai_interviewer /Ai_interviewer/frontend/node_modules/es-abstract': '/Users/prateekjaiswal/Ai_interviewer /Ai_interviewer/frontend/node_modules/.es-abstract-OPi5CMOr',
381 silly reify   '/Users/prateekjaiswal/Ai_interviewer /Ai_interviewer/frontend/node_modules/es-define-property': '/Users/prateekjaiswal/Ai_interviewer /Ai_interviewer/frontend/node_modules/.es-define-property-vDuwZTFZ',
381 silly reify   '/Users/prateekjaiswal/Ai_interviewer /Ai_interviewer/frontend/node_modules/es-errors': '/Users/prateekjaiswal/Ai_interviewer /Ai_interviewer/frontend/node_modules/.es-errors-PJQMhDaa',
381 silly reify   '/Users/prateekjaiswal/Ai_interviewer /Ai_interviewer/frontend/node_modules/es-iterator-helpers': '/Users/prateekjaiswal/Ai_interviewer /Ai_interviewer/frontend/node_modules/.es-iterator-helpers-zDAxY8T5',
381 silly reify   '/Users/prateekjaiswal/Ai_interviewer /Ai_interviewer/frontend/node_modules/es-object-atoms': '/Users/prateekjaiswal/Ai_interviewer /Ai_interviewer/frontend/node_modules/.es-object-atoms-9ItNzkf7',
381 silly reify   '/Users/prateekjaiswal/Ai_interviewer /Ai_interviewer/frontend/node_modules/es-set-tostringtag': '/Users/prateekjaiswal/Ai_interviewer /Ai_interviewer/frontend/node_modules/.es-set-tostringtag-4Y1SkHAb',
381 silly reify   '/Users/prateekjaiswal/Ai_interviewer /Ai_interviewer/frontend/node_modules/es-shim-unscopables': '/Users/prateekjaiswal/Ai_interviewer /Ai_interviewer/frontend/node_modules/.es-shim-unscopables-gqpqdLB8',
381 silly reify   '/Users/prateekjaiswal/Ai_interviewer /Ai_interviewer/frontend/node_modules/es-to-primitive': '/Users/prateekjaiswal/Ai_interviewer /Ai_interviewer/frontend/node_modules/.es-to-primitive-e0U1YbqI',
381 silly reify   '/Users/prateekjaiswal/Ai_interviewer /Ai_interviewer/frontend/node_modules/define-data-property': '/Users/prateekjaiswal/Ai_interviewer /Ai_interviewer/frontend/node_modules/.define-data-property-OZP1ldN7',
381 silly reify   '/Users/prateekjaiswal/Ai_interviewer /Ai_interviewer/frontend/node_modules/escalade': '/Users/prateekjaiswal/Ai_interviewer /Ai_interviewer/frontend/node_modules/.escalade-OV8aqaMP',
381 silly reify   '/Users/prateekjaiswal/Ai_interviewer /Ai_interviewer/frontend/node_modules/escape-string-regexp': '/Users/prateekjaiswal/Ai_interviewer /Ai_interviewer/frontend/node_modules/.escape-string-regexp-dhPwev41',
381 silly reify   '/Users/prateekjaiswal/Ai_interviewer /Ai_interviewer/frontend/node_modules/eslint': '/Users/prateekjaiswal/Ai_interviewer /Ai_interviewer/frontend/node_modules/.eslint-YDuOMdK9',
381 silly reify   '/Users/prateekjaiswal/Ai_interviewer /Ai_interviewer/frontend/node_modules/eslint-import-resolver-node': '/Users/prateekjaiswal/Ai_interviewer /Ai_interviewer/frontend/node_modules/.eslint-import-resolver-node-9ChDRobY',
381 silly reify   '/Users/prateekjaiswal/Ai_interviewer /Ai_interviewer/frontend/node_modules/eslint-config-next': '/Users/prateekjaiswal/Ai_interviewer /Ai_interviewer/frontend/node_modules/.eslint-config-next-FeIOAtGw',
381 silly reify   '/Users/prateekjaiswal/Ai_interviewer /Ai_interviewer/frontend/node_modules/eslint-import-resolver-typescript': '/Users/prateekjaiswal/Ai_interviewer /Ai_interviewer/frontend/node_modules/.eslint-import-resolver-typescript-hk1Ezs7b',
381 silly reify   '/Users/prateekjaiswal/Ai_interviewer /Ai_interviewer/frontend/node_modules/eslint-plugin-import': '/Users/prateekjaiswal/Ai_interviewer /Ai_interviewer/frontend/node_modules/.eslint-plugin-import-oCmuDpUl',
381 silly reify   '/Users/prateekjaiswal/Ai_interviewer /Ai_interviewer/frontend/node_modules/eslint-module-utils': '/Users/prateekjaiswal/Ai_interviewer /Ai_interviewer/frontend/node_modules/.eslint-module-utils-hRKDoPrm',
381 silly reify   '/Users/prateekjaiswal/Ai_interviewer /Ai_interviewer/frontend/node_modules/eslint-plugin-jsx-a11y': '/Users/prateekjaiswal/Ai_interviewer /Ai_interviewer/frontend/node_modules/.eslint-plugin-jsx-a11y-MwtWl0Gk',
381 silly reify   '/Users/prateekjaiswal/Ai_interviewer /Ai_interviewer/frontend/node_modules/eslint-plugin-react-hooks': '/Users/prateekjaiswal/Ai_interviewer /Ai_interviewer/frontend/node_modules/.eslint-plugin-react-hooks-rYASTdZB',
381 silly reify   '/Users/prateekjaiswal/Ai_interviewer /Ai_interviewer/frontend/node_modules/eslint-plugin-react': '/Users/prateekjaiswal/Ai_interviewer /Ai_interviewer/frontend/node_modules/.eslint-plugin-react-RiItoU7o',
381 silly reify   '/Users/prateekjaiswal/Ai_interviewer /Ai_interviewer/frontend/node_modules/eslint-scope': '/Users/prateekjaiswal/Ai_interviewer /Ai_interviewer/frontend/node_modules/.eslint-scope-B3REgokt',
381 silly reify   '/Users/prateekjaiswal/Ai_interviewer /Ai_interviewer/frontend/node_modules/eslint-visitor-keys': '/Users/prateekjaiswal/Ai_interviewer /Ai_interviewer/frontend/node_modules/.eslint-visitor-keys-4PjFZBOL',
381 silly reify   '/Users/prateekjaiswal/Ai_interviewer /Ai_interviewer/frontend/node_modules/espree': '/Users/prateekjaiswal/Ai_interviewer /Ai_interviewer/frontend/node_modules/.espree-qTymjbg7',
381 silly reify   '/Users/prateekjaiswal/Ai_interviewer /Ai_interviewer/frontend/node_modules/estraverse': '/Users/prateekjaiswal/Ai_interviewer /Ai_interviewer/frontend/node_modules/.estraverse-kyApNMlh',
381 silly reify   '/Users/prateekjaiswal/Ai_interviewer /Ai_interviewer/frontend/node_modules/esutils': '/Users/prateekjaiswal/Ai_interviewer /Ai_interviewer/frontend/node_modules/.esutils-00pmhBrW',
381 silly reify   '/Users/prateekjaiswal/Ai_interviewer /Ai_interviewer/frontend/node_modules/fast-deep-equal': '/Users/prateekjaiswal/Ai_interviewer /Ai_interviewer/frontend/node_modules/.fast-deep-equal-w4xZHUh3',
381 silly reify   '/Users/prateekjaiswal/Ai_interviewer /Ai_interviewer/frontend/node_modules/events': '/Users/prateekjaiswal/Ai_interviewer /Ai_interviewer/frontend/node_modules/.events-WSlReDCD',
381 silly reify   '/Users/prateekjaiswal/Ai_interviewer /Ai_interviewer/frontend/node_modules/esquery': '/Users/prateekjaiswal/Ai_interviewer /Ai_interviewer/frontend/node_modules/.esquery-KgQbVqxd',
381 silly reify   '/Users/prateekjaiswal/Ai_interviewer /Ai_interviewer/frontend/node_modules/esrecurse': '/Users/prateekjaiswal/Ai_interviewer /Ai_interviewer/frontend/node_modules/.esrecurse-JLfVjEGw',
381 silly reify   '/Users/prateekjaiswal/Ai_interviewer /Ai_interviewer/frontend/node_modules/fast-glob': '/Users/prateekjaiswal/Ai_interviewer /Ai_interviewer/frontend/node_modules/.fast-glob-0gOjrnda',
381 silly reify   '/Users/prateekjaiswal/Ai_interviewer /Ai_interviewer/frontend/node_modules/fast-levenshtein': '/Users/prateekjaiswal/Ai_interviewer /Ai_interviewer/frontend/node_modules/.fast-levenshtein-K50UAN18',
381 silly reify   '/Users/prateekjaiswal/Ai_interviewer /Ai_interviewer/frontend/node_modules/fastq': '/Users/prateekjaiswal/Ai_interviewer /Ai_interviewer/frontend/node_modules/.fastq-0693OfF6',
381 silly reify   '/Users/prateekjaiswal/Ai_interviewer /Ai_interviewer/frontend/node_modules/fast-json-stable-stringify': '/Users/prateekjaiswal/Ai_interviewer /Ai_interviewer/frontend/node_modules/.fast-json-stable-stringify-rnkp7fAI',
381 silly reify   '/Users/prateekjaiswal/Ai_interviewer /Ai_interviewer/frontend/node_modules/file-entry-cache': '/Users/prateekjaiswal/Ai_interviewer /Ai_interviewer/frontend/node_modules/.file-entry-cache-r4TKEt8J',
381 silly reify   '/Users/prateekjaiswal/Ai_interviewer /Ai_interviewer/frontend/node_modules/fill-range': '/Users/prateekjaiswal/Ai_interviewer /Ai_interviewer/frontend/node_modules/.fill-range-GL0RrdFG',
381 silly reify   '/Users/prateekjaiswal/Ai_interviewer /Ai_interviewer/frontend/node_modules/find-up': '/Users/prateekjaiswal/Ai_interviewer /Ai_interviewer/frontend/node_modules/.find-up-P5xWS7pz',
381 silly reify   '/Users/prateekjaiswal/Ai_interviewer /Ai_interviewer/frontend/node_modules/flatted': '/Users/prateekjaiswal/Ai_interviewer /Ai_interviewer/frontend/node_modules/.flatted-WgQVZuSK',
381 silly reify   '/Users/prateekjaiswal/Ai_interviewer /Ai_interviewer/frontend/node_modules/for-each': '/Users/prateekjaiswal/Ai_interviewer /Ai_interviewer/frontend/node_modules/.for-each-6PtkPDjC',
381 silly reify   '/Users/prateekjaiswal/Ai_interviewer /Ai_interviewer/frontend/node_modules/flat-cache': '/Users/prateekjaiswal/Ai_interviewer /Ai_interviewer/frontend/node_modules/.flat-cache-L3l6MXde',
381 silly reify   '/Users/prateekjaiswal/Ai_interviewer /Ai_interviewer/frontend/node_modules/function-bind': '/Users/prateekjaiswal/Ai_interviewer /Ai_interviewer/frontend/node_modules/.function-bind-Kr1WdZ9o',
381 silly reify   '/Users/prateekjaiswal/Ai_interviewer /Ai_interviewer/frontend/node_modules/functions-have-names': '/Users/prateekjaiswal/Ai_interviewer /Ai_interviewer/frontend/node_modules/.functions-have-names-0DB93ZvJ',
381 silly reify   '/Users/prateekjaiswal/Ai_interviewer /Ai_interviewer/frontend/node_modules/generator-function': '/Users/prateekjaiswal/Ai_interviewer /Ai_interviewer/frontend/node_modules/.generator-function-ZWyxp2ra',
381 silly reify   '/Users/prateekjaiswal/Ai_interviewer /Ai_interviewer/frontend/node_modules/function.prototype.name': '/Users/prateekjaiswal/Ai_interviewer /Ai_interviewer/frontend/node_modules/.function.prototype.name-syJ4678k',
381 silly reify   '/Users/prateekjaiswal/Ai_interviewer /Ai_interviewer/frontend/node_modules/gensync': '/Users/prateekjaiswal/Ai_interviewer /Ai_interviewer/frontend/node_modules/.gensync-skebKJar',
381 silly reify   '/Users/prateekjaiswal/Ai_interviewer /Ai_interviewer/frontend/node_modules/get-intrinsic': '/Users/prateekjaiswal/Ai_interviewer /Ai_interviewer/frontend/node_modules/.get-intrinsic-OcUdLMLo',
381 silly reify   '/Users/prateekjaiswal/Ai_interviewer /Ai_interviewer/frontend/node_modules/get-proto': '/Users/prateekjaiswal/Ai_interviewer /Ai_interviewer/frontend/node_modules/.get-proto-HJTMNPk4',
381 silly reify   '/Users/prateekjaiswal/Ai_interviewer /Ai_interviewer/frontend/node_modules/get-symbol-description': '/Users/prateekjaiswal/Ai_interviewer /Ai_interviewer/frontend/node_modules/.get-symbol-description-mbtm4a78',
381 silly reify   '/Users/prateekjaiswal/Ai_interviewer /Ai_interviewer/frontend/node_modules/get-tsconfig': '/Users/prateekjaiswal/Ai_interviewer /Ai_interviewer/frontend/node_modules/.get-tsconfig-UGbzqIpV',
381 silly reify   '/Users/prateekjaiswal/Ai_interviewer /Ai_interviewer/frontend/node_modules/glob-parent': '/Users/prateekjaiswal/Ai_interviewer /Ai_interviewer/frontend/node_modules/.glob-parent-n4OlEjxG',
381 silly reify   '/Users/prateekjaiswal/Ai_interviewer /Ai_interviewer/frontend/node_modules/globals': '/Users/prateekjaiswal/Ai_interviewer /Ai_interviewer/frontend/node_modules/.globals-6fPuEbR7',
381 silly reify   '/Users/prateekjaiswal/Ai_interviewer /Ai_interviewer/frontend/node_modules/globalthis': '/Users/prateekjaiswal/Ai_interviewer /Ai_interviewer/frontend/node_modules/.globalthis-muhwFLJN',
381 silly reify   '/Users/prateekjaiswal/Ai_interviewer /Ai_interviewer/frontend/node_modules/gopd': '/Users/prateekjaiswal/Ai_interviewer /Ai_interviewer/frontend/node_modules/.gopd-NGdNl4vn',
381 silly reify   '/Users/prateekjaiswal/Ai_interviewer /Ai_interviewer/frontend/node_modules/graceful-fs': '/Users/prateekjaiswal/Ai_interviewer /Ai_interviewer/frontend/node_modules/.graceful-fs-V97RbGd4',
381 silly reify   '/Users/prateekjaiswal/Ai_interviewer /Ai_interviewer/frontend/node_modules/has-bigints': '/Users/prateekjaiswal/Ai_interviewer /Ai_interviewer/frontend/node_modules/.has-bigints-EYLoyCip',
381 silly reify   '/Users/prateekjaiswal/Ai_interviewer /Ai_interviewer/frontend/node_modules/has-flag': '/Users/prateekjaiswal/Ai_interviewer /Ai_interviewer/frontend/node_modules/.has-flag-dnPPCk4X',
381 silly reify   '/Users/prateekjaiswal/Ai_interviewer /Ai_interviewer/frontend/node_modules/has-property-descriptors': '/Users/prateekjaiswal/Ai_interviewer /Ai_interviewer/frontend/node_modules/.has-property-descriptors-71yf8TYH',
381 silly reify   '/Users/prateekjaiswal/Ai_interviewer /Ai_interviewer/frontend/node_modules/has-proto': '/Users/prateekjaiswal/Ai_interviewer /Ai_interviewer/frontend/node_modules/.has-proto-Oyx4dScQ',
381 silly reify   '/Users/prateekjaiswal/Ai_interviewer /Ai_interviewer/frontend/node_modules/has-symbols': '/Users/prateekjaiswal/Ai_interviewer /Ai_interviewer/frontend/node_modules/.has-symbols-JXRCoUrT',
381 silly reify   '/Users/prateekjaiswal/Ai_interviewer /Ai_interviewer/frontend/node_modules/has-tostringtag': '/Users/prateekjaiswal/Ai_interviewer /Ai_interviewer/frontend/node_modules/.has-tostringtag-ksLKn28i',
381 silly reify   '/Users/prateekjaiswal/Ai_interviewer /Ai_interviewer/frontend/node_modules/hasown': '/Users/prateekjaiswal/Ai_interviewer /Ai_interviewer/frontend/node_modules/.hasown-2AfURznK',
381 silly reify   '/Users/prateekjaiswal/Ai_interviewer /Ai_interviewer/frontend/node_modules/hermes-estree': '/Users/prateekjaiswal/Ai_interviewer /Ai_interviewer/frontend/node_modules/.hermes-estree-LA4lvhpp',
381 silly reify   '/Users/prateekjaiswal/Ai_interviewer /Ai_interviewer/frontend/node_modules/hermes-parser': '/Users/prateekjaiswal/Ai_interviewer /Ai_interviewer/frontend/node_modules/.hermes-parser-fXweavaO',
381 silly reify   '/Users/prateekjaiswal/Ai_interviewer /Ai_interviewer/frontend/node_modules/ignore': '/Users/prateekjaiswal/Ai_interviewer /Ai_interviewer/frontend/node_modules/.ignore-oKXw4A82',
381 silly reify   '/Users/prateekjaiswal/Ai_interviewer /Ai_interviewer/frontend/node_modules/import-fresh': '/Users/prateekjaiswal/Ai_interviewer /Ai_interviewer/frontend/node_modules/.import-fresh-6xPqQMdT',
381 silly reify   '/Users/prateekjaiswal/Ai_interviewer /Ai_interviewer/frontend/node_modules/imurmurhash': '/Users/prateekjaiswal/Ai_interviewer /Ai_interviewer/frontend/node_modules/.imurmurhash-FFTR7kVT',
381 silly reify   '/Users/prateekjaiswal/Ai_interviewer /Ai_interviewer/frontend/node_modules/internal-slot': '/Users/prateekjaiswal/Ai_interviewer /Ai_interviewer/frontend/node_modules/.internal-slot-4GDa7e4I',
381 silly reify   '/Users/prateekjaiswal/Ai_interviewer /Ai_interviewer/frontend/node_modules/is-array-buffer': '/Users/prateekjaiswal/Ai_interviewer /Ai_interviewer/frontend/node_modules/.is-array-buffer-MIWFwFuz',
381 silly reify   '/Users/prateekjaiswal/Ai_interviewer /Ai_interviewer/frontend/node_modules/is-async-function': '/Users/prateekjaiswal/Ai_interviewer /Ai_interviewer/frontend/node_modules/.is-async-function-uiR6dLT4',
381 silly reify   '/Users/prateekjaiswal/Ai_interviewer /Ai_interviewer/frontend/node_modules/is-bigint': '/Users/prateekjaiswal/Ai_interviewer /Ai_interviewer/frontend/node_modules/.is-bigint-w3lKwsNl',
381 silly reify   '/Users/prateekjaiswal/Ai_interviewer /Ai_interviewer/frontend/node_modules/is-boolean-object': '/Users/prateekjaiswal/Ai_interviewer /Ai_interviewer/frontend/node_modules/.is-boolean-object-vK9c4XsS',
381 silly reify   '/Users/prateekjaiswal/Ai_interviewer /Ai_interviewer/frontend/node_modules/is-bun-module': '/Users/prateekjaiswal/Ai_interviewer /Ai_interviewer/frontend/node_modules/.is-bun-module-j5sXcx2C',
381 silly reify   '/Users/prateekjaiswal/Ai_interviewer /Ai_interviewer/frontend/node_modules/is-callable': '/Users/prateekjaiswal/Ai_interviewer /Ai_interviewer/frontend/node_modules/.is-callable-7uindHxR',
381 silly reify   '/Users/prateekjaiswal/Ai_interviewer /Ai_interviewer/frontend/node_modules/is-core-module': '/Users/prateekjaiswal/Ai_interviewer /Ai_interviewer/frontend/node_modules/.is-core-module-IiqqpqVK',
381 silly reify   '/Users/prateekjaiswal/Ai_interviewer /Ai_interviewer/frontend/node_modules/is-data-view': '/Users/prateekjaiswal/Ai_interviewer /Ai_interviewer/frontend/node_modules/.is-data-view-FtVc97zH',
381 silly reify   '/Users/prateekjaiswal/Ai_interviewer /Ai_interviewer/frontend/node_modules/is-date-object': '/Users/prateekjaiswal/Ai_interviewer /Ai_interviewer/frontend/node_modules/.is-date-object-n5NbsYOS',
381 silly reify   '/Users/prateekjaiswal/Ai_interviewer /Ai_interviewer/frontend/node_modules/is-extglob': '/Users/prateekjaiswal/Ai_interviewer /Ai_interviewer/frontend/node_modules/.is-extglob-7hbnQgU2',
381 silly reify   '/Users/prateekjaiswal/Ai_interviewer /Ai_interviewer/frontend/node_modules/is-finalizationregistry': '/Users/prateekjaiswal/Ai_interviewer /Ai_interviewer/frontend/node_modules/.is-finalizationregistry-pmuZQ8s8',
381 silly reify   '/Users/prateekjaiswal/Ai_interviewer /Ai_interviewer/frontend/node_modules/is-generator-function': '/Users/prateekjaiswal/Ai_interviewer /Ai_interviewer/frontend/node_modules/.is-generator-function-AqsGlmTC',
381 silly reify   '/Users/prateekjaiswal/Ai_interviewer /Ai_interviewer/frontend/node_modules/is-glob': '/Users/prateekjaiswal/Ai_interviewer /Ai_interviewer/frontend/node_modules/.is-glob-YyB3EqOM',
381 silly reify   '/Users/prateekjaiswal/Ai_interviewer /Ai_interviewer/frontend/node_modules/is-map': '/Users/prateekjaiswal/Ai_interviewer /Ai_interviewer/frontend/node_modules/.is-map-s9LhlRCu',
381 silly reify   '/Users/prateekjaiswal/Ai_interviewer /Ai_interviewer/frontend/node_modules/is-negative-zero': '/Users/prateekjaiswal/Ai_interviewer /Ai_interviewer/frontend/node_modules/.is-negative-zero-MnUvJmcI',
381 silly reify   '/Users/prateekjaiswal/Ai_interviewer /Ai_interviewer/frontend/node_modules/is-number': '/Users/prateekjaiswal/Ai_interviewer /Ai_interviewer/frontend/node_modules/.is-number-tELSngsO',
381 silly reify   '/Users/prateekjaiswal/Ai_interviewer /Ai_interviewer/frontend/node_modules/is-number-object': '/Users/prateekjaiswal/Ai_interviewer /Ai_interviewer/frontend/node_modules/.is-number-object-WGLO3Is1',
381 silly reify   '/Users/prateekjaiswal/Ai_interviewer /Ai_interviewer/frontend/node_modules/is-regex': '/Users/prateekjaiswal/Ai_interviewer /Ai_interviewer/frontend/node_modules/.is-regex-0lkWKJae',
381 silly reify   '/Users/prateekjaiswal/Ai_interviewer /Ai_interviewer/frontend/node_modules/is-set': '/Users/prateekjaiswal/Ai_interviewer /Ai_interviewer/frontend/node_modules/.is-set-AwLyBEmA',
381 silly reify   '/Users/prateekjaiswal/Ai_interviewer /Ai_interviewer/frontend/node_modules/is-shared-array-buffer': '/Users/prateekjaiswal/Ai_interviewer /Ai_interviewer/frontend/node_modules/.is-shared-array-buffer-7FC9PGk5',
381 silly reify   '/Users/prateekjaiswal/Ai_interviewer /Ai_interviewer/frontend/node_modules/is-string': '/Users/prateekjaiswal/Ai_interviewer /Ai_interviewer/frontend/node_modules/.is-string-0LCQpUwV',
381 silly reify   '/Users/prateekjaiswal/Ai_interviewer /Ai_interviewer/frontend/node_modules/is-symbol': '/Users/prateekjaiswal/Ai_interviewer /Ai_interviewer/frontend/node_modules/.is-symbol-T1lgVmOg',
381 silly reify   '/Users/prateekjaiswal/Ai_interviewer /Ai_interviewer/frontend/node_modules/is-typed-array': '/Users/prateekjaiswal/Ai_interviewer /Ai_interviewer/frontend/node_modules/.is-typed-array-4BNlNQ23',
381 silly reify   '/Users/prateekjaiswal/Ai_interviewer /Ai_interviewer/frontend/node_modules/is-weakmap': '/Users/prateekjaiswal/Ai_interviewer /Ai_interviewer/frontend/node_modules/.is-weakmap-OauU4M4p',
381 silly reify   '/Users/prateekjaiswal/Ai_interviewer /Ai_interviewer/frontend/node_modules/is-weakref': '/Users/prateekjaiswal/Ai_interviewer /Ai_interviewer/frontend/node_modules/.is-weakref-lZJeXZIB',
381 silly reify   '/Users/prateekjaiswal/Ai_interviewer /Ai_interviewer/frontend/node_modules/isarray': '/Users/prateekjaiswal/Ai_interviewer /Ai_interviewer/frontend/node_modules/.isarray-g0CMw274',
381 silly reify   '/Users/prateekjaiswal/Ai_interviewer /Ai_interviewer/frontend/node_modules/is-weakset': '/Users/prateekjaiswal/Ai_interviewer /Ai_interviewer/frontend/node_modules/.is-weakset-FCNqKEkb',
381 silly reify   '/Users/prateekjaiswal/Ai_interviewer /Ai_interviewer/frontend/node_modules/isexe': '/Users/prateekjaiswal/Ai_interviewer /Ai_interviewer/frontend/node_modules/.isexe-l1QphE3M',
381 silly reify   '/Users/prateekjaiswal/Ai_interviewer /Ai_interviewer/frontend/node_modules/iterator.prototype': '/Users/prateekjaiswal/Ai_interviewer /Ai_interviewer/frontend/node_modules/.iterator.prototype-BqjkJfdF',
381 silly reify   '/Users/prateekjaiswal/Ai_interviewer /Ai_interviewer/frontend/node_modules/jiti': '/Users/prateekjaiswal/Ai_interviewer /Ai_interviewer/frontend/node_modules/.jiti-IdgkvvkB',
381 silly reify   '/Users/prateekjaiswal/Ai_interviewer /Ai_interviewer/frontend/node_modules/jose': '/Users/prateekjaiswal/Ai_interviewer /Ai_interviewer/frontend/node_modules/.jose-mJRb1NR8',
381 silly reify   '/Users/prateekjaiswal/Ai_interviewer /Ai_interviewer/frontend/node_modules/js-tokens': '/Users/prateekjaiswal/Ai_interviewer /Ai_interviewer/frontend/node_modules/.js-tokens-oNNpPee0',
381 silly reify   '/Users/prateekjaiswal/Ai_interviewer /Ai_interviewer/frontend/node_modules/js-yaml': '/Users/prateekjaiswal/Ai_interviewer /Ai_interviewer/frontend/node_modules/.js-yaml-V9DyZ0L1',
381 silly reify   '/Users/prateekjaiswal/Ai_interviewer /Ai_interviewer/frontend/node_modules/jsesc': '/Users/prateekjaiswal/Ai_interviewer /Ai_interviewer/frontend/node_modules/.jsesc-JnO0auWd',
381 silly reify   '/Users/prateekjaiswal/Ai_interviewer /Ai_interviewer/frontend/node_modules/json-buffer': '/Users/prateekjaiswal/Ai_interviewer /Ai_interviewer/frontend/node_modules/.json-buffer-KUNh7KSn',
381 silly reify   '/Users/prateekjaiswal/Ai_interviewer /Ai_interviewer/frontend/node_modules/json-schema-traverse': '/Users/prateekjaiswal/Ai_interviewer /Ai_interviewer/frontend/node_modules/.json-schema-traverse-5gYCtNJV',
381 silly reify   '/Users/prateekjaiswal/Ai_interviewer /Ai_interviewer/frontend/node_modules/json-stable-stringify-without-jsonify': '/Users/prateekjaiswal/Ai_interviewer /Ai_interviewer/frontend/node_modules/.json-stable-stringify-without-jsonify-8Vt7pW0r',
381 silly reify   '/Users/prateekjaiswal/Ai_interviewer /Ai_interviewer/frontend/node_modules/json5': '/Users/prateekjaiswal/Ai_interviewer /Ai_interviewer/frontend/node_modules/.json5-Ka3x8Vw4',
381 silly reify   '/Users/prateekjaiswal/Ai_interviewer /Ai_interviewer/frontend/node_modules/jsx-ast-utils': '/Users/prateekjaiswal/Ai_interviewer /Ai_interviewer/frontend/node_modules/.jsx-ast-utils-rnr4G77Z',
381 silly reify   '/Users/prateekjaiswal/Ai_interviewer /Ai_interviewer/frontend/node_modules/keyv': '/Users/prateekjaiswal/Ai_interviewer /Ai_interviewer/frontend/node_modules/.keyv-l830ydcb',
381 silly reify   '/Users/prateekjaiswal/Ai_interviewer /Ai_interviewer/frontend/node_modules/language-subtag-registry': '/Users/prateekjaiswal/Ai_interviewer /Ai_interviewer/frontend/node_modules/.language-subtag-registry-30wKVBGv',
381 silly reify   '/Users/prateekjaiswal/Ai_interviewer /Ai_interviewer/frontend/node_modules/language-tags': '/Users/prateekjaiswal/Ai_interviewer /Ai_interviewer/frontend/node_modules/.language-tags-Bz1qI6ME',
381 silly reify   '/Users/prateekjaiswal/Ai_interviewer /Ai_interviewer/frontend/node_modules/levn': '/Users/prateekjaiswal/Ai_interviewer /Ai_interviewer/frontend/node_modules/.levn-AG2RX6yN',
381 silly reify   '/Users/prateekjaiswal/Ai_interviewer /Ai_interviewer/frontend/node_modules/lightningcss': '/Users/prateekjaiswal/Ai_interviewer /Ai_interviewer/frontend/node_modules/.lightningcss-GBSUijop',
381 silly reify   '/Users/prateekjaiswal/Ai_interviewer /Ai_interviewer/frontend/node_modules/lightningcss-darwin-arm64': '/Users/prateekjaiswal/Ai_interviewer /Ai_interviewer/frontend/node_modules/.lightningcss-darwin-arm64-cMuvSWib',
381 silly reify   '/Users/prateekjaiswal/Ai_interviewer /Ai_interviewer/frontend/node_modules/livekit-client': '/Users/prateekjaiswal/Ai_interviewer /Ai_interviewer/frontend/node_modules/.livekit-client-1AaoTNh4',
381 silly reify   '/Users/prateekjaiswal/Ai_interviewer /Ai_interviewer/frontend/node_modules/locate-path': '/Users/prateekjaiswal/Ai_interviewer /Ai_interviewer/frontend/node_modules/.locate-path-Z9EfMvWO',
381 silly reify   '/Users/prateekjaiswal/Ai_interviewer /Ai_interviewer/frontend/node_modules/lodash.debounce': '/Users/prateekjaiswal/Ai_interviewer /Ai_interviewer/frontend/node_modules/.lodash.debounce-ebos8mwM',
381 silly reify   '/Users/prateekjaiswal/Ai_interviewer /Ai_interviewer/frontend/node_modules/lodash.merge': '/Users/prateekjaiswal/Ai_interviewer /Ai_interviewer/frontend/node_modules/.lodash.merge-4vx2dH3W',
381 silly reify   '/Users/prateekjaiswal/Ai_interviewer /Ai_interviewer/frontend/node_modules/loglevel': '/Users/prateekjaiswal/Ai_interviewer /Ai_interviewer/frontend/node_modules/.loglevel-hL2V2RF9',
381 silly reify   '/Users/prateekjaiswal/Ai_interviewer /Ai_interviewer/frontend/node_modules/loose-envify': '/Users/prateekjaiswal/Ai_interviewer /Ai_interviewer/frontend/node_modules/.loose-envify-ogaxWHP9',
381 silly reify   '/Users/prateekjaiswal/Ai_interviewer /Ai_interviewer/frontend/node_modules/lru-cache': '/Users/prateekjaiswal/Ai_interviewer /Ai_interviewer/frontend/node_modules/.lru-cache-AGFbbfvA',
381 silly reify   '/Users/prateekjaiswal/Ai_interviewer /Ai_interviewer/frontend/node_modules/lucide-react': '/Users/prateekjaiswal/Ai_interviewer /Ai_interviewer/frontend/node_modules/.lucide-react-WHakzSSX',
381 silly reify   '/Users/prateekjaiswal/Ai_interviewer /Ai_interviewer/frontend/node_modules/magic-string': '/Users/prateekjaiswal/Ai_interviewer /Ai_interviewer/frontend/node_modules/.magic-string-ILWpPf0i',
381 silly reify   '/Users/prateekjaiswal/Ai_interviewer /Ai_interviewer/frontend/node_modules/math-intrinsics': '/Users/prateekjaiswal/Ai_interviewer /Ai_interviewer/frontend/node_modules/.math-intrinsics-SOSebI0m',
381 silly reify   '/Users/prateekjaiswal/Ai_interviewer /Ai_interviewer/frontend/node_modules/merge2': '/Users/prateekjaiswal/Ai_interviewer /Ai_interviewer/frontend/node_modules/.merge2-RZAdOb1N',
381 silly reify   '/Users/prateekjaiswal/Ai_interviewer /Ai_interviewer/frontend/node_modules/micromatch': '/Users/prateekjaiswal/Ai_interviewer /Ai_interviewer/frontend/node_modules/.micromatch-BEfPuYBa',
381 silly reify   '/Users/prateekjaiswal/Ai_interviewer /Ai_interviewer/frontend/node_modules/minimatch': '/Users/prateekjaiswal/Ai_interviewer /Ai_interviewer/frontend/node_modules/.minimatch-Or0zAiXL',
381 silly reify   '/Users/prateekjaiswal/Ai_interviewer /Ai_interviewer/frontend/node_modules/minimist': '/Users/prateekjaiswal/Ai_interviewer /Ai_interviewer/frontend/node_modules/.minimist-APK0Xl4l',
381 silly reify   '/Users/prateekjaiswal/Ai_interviewer /Ai_interviewer/frontend/node_modules/ms': '/Users/prateekjaiswal/Ai_interviewer /Ai_interviewer/frontend/node_modules/.ms-JyGedhnc',
381 silly reify   '/Users/prateekjaiswal/Ai_interviewer /Ai_interviewer/frontend/node_modules/nanoid': '/Users/prateekjaiswal/Ai_interviewer /Ai_interviewer/frontend/node_modules/.nanoid-kyuA7ORt',
381 silly reify   '/Users/prateekjaiswal/Ai_interviewer /Ai_interviewer/frontend/node_modules/napi-postinstall': '/Users/prateekjaiswal/Ai_interviewer /Ai_interviewer/frontend/node_modules/.napi-postinstall-7x8yGai2',
381 silly reify   '/Users/prateekjaiswal/Ai_interviewer /Ai_interviewer/frontend/node_modules/natural-compare': '/Users/prateekjaiswal/Ai_interviewer /Ai_interviewer/frontend/node_modules/.natural-compare-ztMqtfgC',
381 silly reify   '/Users/prateekjaiswal/Ai_interviewer /Ai_interviewer/frontend/node_modules/next': '/Users/prateekjaiswal/Ai_interviewer /Ai_interviewer/frontend/node_modules/.next-qjCm4DLy',
381 silly reify   '/Users/prateekjaiswal/Ai_interviewer /Ai_interviewer/frontend/node_modules/node-exports-info': '/Users/prateekjaiswal/Ai_interviewer /Ai_interviewer/frontend/node_modules/.node-exports-info-HXPVyCmb',
381 silly reify   '/Users/prateekjaiswal/Ai_interviewer /Ai_interviewer/frontend/node_modules/node-releases': '/Users/prateekjaiswal/Ai_interviewer /Ai_interviewer/frontend/node_modules/.node-releases-Evt45rOg',
381 silly reify   '/Users/prateekjaiswal/Ai_interviewer /Ai_interviewer/frontend/node_modules/object-assign': '/Users/prateekjaiswal/Ai_interviewer /Ai_interviewer/frontend/node_modules/.object-assign-rbHxVomp',
381 silly reify   '/Users/prateekjaiswal/Ai_interviewer /Ai_interviewer/frontend/node_modules/object-inspect': '/Users/prateekjaiswal/Ai_interviewer /Ai_interviewer/frontend/node_modules/.object-inspect-eCe4fDnP',
381 silly reify   '/Users/prateekjaiswal/Ai_interviewer /Ai_interviewer/frontend/node_modules/object-keys': '/Users/prateekjaiswal/Ai_interviewer /Ai_interviewer/frontend/node_modules/.object-keys-Os7pDjMh',
381 silly reify   '/Users/prateekjaiswal/Ai_interviewer /Ai_interviewer/frontend/node_modules/object.assign': '/Users/prateekjaiswal/Ai_interviewer /Ai_interviewer/frontend/node_modules/.object.assign-v921x3nI',
381 silly reify   '/Users/prateekjaiswal/Ai_interviewer /Ai_interviewer/frontend/node_modules/object.entries': '/Users/prateekjaiswal/Ai_interviewer /Ai_interviewer/frontend/node_modules/.object.entries-KTmSUIK2',
381 silly reify   '/Users/prateekjaiswal/Ai_interviewer /Ai_interviewer/frontend/node_modules/object.fromentries': '/Users/prateekjaiswal/Ai_interviewer /Ai_interviewer/frontend/node_modules/.object.fromentries-TctBs0Cz',
381 silly reify   '/Users/prateekjaiswal/Ai_interviewer /Ai_interviewer/frontend/node_modules/object.groupby': '/Users/prateekjaiswal/Ai_interviewer /Ai_interviewer/frontend/node_modules/.object.groupby-KyA5nfKF',
381 silly reify   '/Users/prateekjaiswal/Ai_interviewer /Ai_interviewer/frontend/node_modules/object.values': '/Users/prateekjaiswal/Ai_interviewer /Ai_interviewer/frontend/node_modules/.object.values-nt99AnS3',
381 silly reify   '/Users/prateekjaiswal/Ai_interviewer /Ai_interviewer/frontend/node_modules/optionator': '/Users/prateekjaiswal/Ai_interviewer /Ai_interviewer/frontend/node_modules/.optionator-8U7gUXj3',
381 silly reify   '/Users/prateekjaiswal/Ai_interviewer /Ai_interviewer/frontend/node_modules/own-keys': '/Users/prateekjaiswal/Ai_interviewer /Ai_interviewer/frontend/node_modules/.own-keys-lMcoqXHv',
381 silly reify   '/Users/prateekjaiswal/Ai_interviewer /Ai_interviewer/frontend/node_modules/p-limit': '/Users/prateekjaiswal/Ai_interviewer /Ai_interviewer/frontend/node_modules/.p-limit-fTSTiQrH',
381 silly reify   '/Users/prateekjaiswal/Ai_interviewer /Ai_interviewer/frontend/node_modules/p-locate': '/Users/prateekjaiswal/Ai_interviewer /Ai_interviewer/frontend/node_modules/.p-locate-x7Fe7D4E',
381 silly reify   '/Users/prateekjaiswal/Ai_interviewer /Ai_interviewer/frontend/node_modules/parent-module': '/Users/prateekjaiswal/Ai_interviewer /Ai_interviewer/frontend/node_modules/.parent-module-L6GlqrqS',
381 silly reify   '/Users/prateekjaiswal/Ai_interviewer /Ai_interviewer/frontend/node_modules/path-exists': '/Users/prateekjaiswal/Ai_interviewer /Ai_interviewer/frontend/node_modules/.path-exists-Z7X6UAcW',
381 silly reify   '/Users/prateekjaiswal/Ai_interviewer /Ai_interviewer/frontend/node_modules/path-key': '/Users/prateekjaiswal/Ai_interviewer /Ai_interviewer/frontend/node_modules/.path-key-PY7YnV7U',
381 silly reify   '/Users/prateekjaiswal/Ai_interviewer /Ai_interviewer/frontend/node_modules/path-parse': '/Users/prateekjaiswal/Ai_interviewer /Ai_interviewer/frontend/node_modules/.path-parse-76yFEI60',
381 silly reify   '/Users/prateekjaiswal/Ai_interviewer /Ai_interviewer/frontend/node_modules/picocolors': '/Users/prateekjaiswal/Ai_interviewer /Ai_interviewer/frontend/node_modules/.picocolors-SDxgK8Zl',
381 silly reify   '/Users/prateekjaiswal/Ai_interviewer /Ai_interviewer/frontend/node_modules/picomatch': '/Users/prateekjaiswal/Ai_interviewer /Ai_interviewer/frontend/node_modules/.picomatch-VTt9DvBI',
381 silly reify   '/Users/prateekjaiswal/Ai_interviewer /Ai_interviewer/frontend/node_modules/possible-typed-array-names': '/Users/prateekjaiswal/Ai_interviewer /Ai_interviewer/frontend/node_modules/.possible-typed-array-names-QfaHepLA',
381 silly reify   '/Users/prateekjaiswal/Ai_interviewer /Ai_interviewer/frontend/node_modules/postcss': '/Users/prateekjaiswal/Ai_interviewer /Ai_interviewer/frontend/node_modules/.postcss-22I9sd7A',
381 silly reify   '/Users/prateekjaiswal/Ai_interviewer /Ai_interviewer/frontend/node_modules/prelude-ls': '/Users/prateekjaiswal/Ai_interviewer /Ai_interviewer/frontend/node_modules/.prelude-ls-1wlw82vO',
381 silly reify   '/Users/prateekjaiswal/Ai_interviewer /Ai_interviewer/frontend/node_modules/prop-types': '/Users/prateekjaiswal/Ai_interviewer /Ai_interviewer/frontend/node_modules/.prop-types-gEEIl6bO',
381 silly reify   '/Users/prateekjaiswal/Ai_interviewer /Ai_interviewer/frontend/node_modules/punycode': '/Users/prateekjaiswal/Ai_interviewer /Ai_interviewer/frontend/node_modules/.punycode-TXJZgSAU',
381 silly reify   '/Users/prateekjaiswal/Ai_interviewer /Ai_interviewer/frontend/node_modules/queue-microtask': '/Users/prateekjaiswal/Ai_interviewer /Ai_interviewer/frontend/node_modules/.queue-microtask-5GB7TtWp',
381 silly reify   '/Users/prateekjaiswal/Ai_interviewer /Ai_interviewer/frontend/node_modules/react': '/Users/prateekjaiswal/Ai_interviewer /Ai_interviewer/frontend/node_modules/.react-IZZ3infT',
381 silly reify   '/Users/prateekjaiswal/Ai_interviewer /Ai_interviewer/frontend/node_modules/react-dom': '/Users/prateekjaiswal/Ai_interviewer /Ai_interviewer/frontend/node_modules/.react-dom-aoEexaRM',
381 silly reify   '/Users/prateekjaiswal/Ai_interviewer /Ai_interviewer/frontend/node_modules/react-is': '/Users/prateekjaiswal/Ai_interviewer /Ai_interviewer/frontend/node_modules/.react-is-S5QebkVl',
381 silly reify   '/Users/prateekjaiswal/Ai_interviewer /Ai_interviewer/frontend/node_modules/reflect.getprototypeof': '/Users/prateekjaiswal/Ai_interviewer /Ai_interviewer/frontend/node_modules/.reflect.getprototypeof-7PwntHg3',
381 silly reify   '/Users/prateekjaiswal/Ai_interviewer /Ai_interviewer/frontend/node_modules/regexp.prototype.flags': '/Users/prateekjaiswal/Ai_interviewer /Ai_interviewer/frontend/node_modules/.regexp.prototype.flags-EURHP6gb',
381 silly reify   '/Users/prateekjaiswal/Ai_interviewer /Ai_interviewer/frontend/node_modules/resolve': '/Users/prateekjaiswal/Ai_interviewer /Ai_interviewer/frontend/node_modules/.resolve-QtI8xZtm',
381 silly reify   '/Users/prateekjaiswal/Ai_interviewer /Ai_interviewer/frontend/node_modules/resolve-from': '/Users/prateekjaiswal/Ai_interviewer /Ai_interviewer/frontend/node_modules/.resolve-from-6kbW54Bu',
381 silly reify   '/Users/prateekjaiswal/Ai_interviewer /Ai_interviewer/frontend/node_modules/resolve-pkg-maps': '/Users/prateekjaiswal/Ai_interviewer /Ai_interviewer/frontend/node_modules/.resolve-pkg-maps-4dm7rgrB',
381 silly reify   '/Users/prateekjaiswal/Ai_interviewer /Ai_interviewer/frontend/node_modules/reusify': '/Users/prateekjaiswal/Ai_interviewer /Ai_interviewer/frontend/node_modules/.reusify-nTzbldvZ',
381 silly reify   '/Users/prateekjaiswal/Ai_interviewer /Ai_interviewer/frontend/node_modules/run-parallel': '/Users/prateekjaiswal/Ai_interviewer /Ai_interviewer/frontend/node_modules/.run-parallel-eaf9muBX',
381 silly reify   '/Users/prateekjaiswal/Ai_interviewer /Ai_interviewer/frontend/node_modules/rxjs': '/Users/prateekjaiswal/Ai_interviewer /Ai_interviewer/frontend/node_modules/.rxjs-bEsKOdGF',
381 silly reify   '/Users/prateekjaiswal/Ai_interviewer /Ai_interviewer/frontend/node_modules/safe-array-concat': '/Users/prateekjaiswal/Ai_interviewer /Ai_interviewer/frontend/node_modules/.safe-array-concat-VjX2gyki',
381 silly reify   '/Users/prateekjaiswal/Ai_interviewer /Ai_interviewer/frontend/node_modules/safe-push-apply': '/Users/prateekjaiswal/Ai_interviewer /Ai_interviewer/frontend/node_modules/.safe-push-apply-omrA3YYq',
381 silly reify   '/Users/prateekjaiswal/Ai_interviewer /Ai_interviewer/frontend/node_modules/safe-regex-test': '/Users/prateekjaiswal/Ai_interviewer /Ai_interviewer/frontend/node_modules/.safe-regex-test-LxzVTy6T',
381 silly reify   '/Users/prateekjaiswal/Ai_interviewer /Ai_interviewer/frontend/node_modules/scheduler': '/Users/prateekjaiswal/Ai_interviewer /Ai_interviewer/frontend/node_modules/.scheduler-i7UEa84d',
381 silly reify   '/Users/prateekjaiswal/Ai_interviewer /Ai_interviewer/frontend/node_modules/sdp': '/Users/prateekjaiswal/Ai_interviewer /Ai_interviewer/frontend/node_modules/.sdp-Na3ufmeG',
381 silly reify   '/Users/prateekjaiswal/Ai_interviewer /Ai_interviewer/frontend/node_modules/sdp-transform': '/Users/prateekjaiswal/Ai_interviewer /Ai_interviewer/frontend/node_modules/.sdp-transform-XFuJ3n4K',
381 silly reify   '/Users/prateekjaiswal/Ai_interviewer /Ai_interviewer/frontend/node_modules/semver': '/Users/prateekjaiswal/Ai_interviewer /Ai_interviewer/frontend/node_modules/.semver-1AL6Tu7X',
381 silly reify   '/Users/prateekjaiswal/Ai_interviewer /Ai_interviewer/frontend/node_modules/set-function-length': '/Users/prateekjaiswal/Ai_interviewer /Ai_interviewer/frontend/node_modules/.set-function-length-FSAgairY',
381 silly reify   '/Users/prateekjaiswal/Ai_interviewer /Ai_interviewer/frontend/node_modules/set-function-name': '/Users/prateekjaiswal/Ai_interviewer /Ai_interviewer/frontend/node_modules/.set-function-name-JSVv8bsc',
381 silly reify   '/Users/prateekjaiswal/Ai_interviewer /Ai_interviewer/frontend/node_modules/set-proto': '/Users/prateekjaiswal/Ai_interviewer /Ai_interviewer/frontend/node_modules/.set-proto-SDRScUIj',
381 silly reify   '/Users/prateekjaiswal/Ai_interviewer /Ai_interviewer/frontend/node_modules/sharp': '/Users/prateekjaiswal/Ai_interviewer /Ai_interviewer/frontend/node_modules/.sharp-AWjnl3fp',
381 silly reify   '/Users/prateekjaiswal/Ai_interviewer /Ai_interviewer/frontend/node_modules/shebang-command': '/Users/prateekjaiswal/Ai_interviewer /Ai_interviewer/frontend/node_modules/.shebang-command-jKw9sAqt',
381 silly reify   '/Users/prateekjaiswal/Ai_interviewer /Ai_interviewer/frontend/node_modules/shebang-regex': '/Users/prateekjaiswal/Ai_interviewer /Ai_interviewer/frontend/node_modules/.shebang-regex-INtgItJw',
381 silly reify   '/Users/prateekjaiswal/Ai_interviewer /Ai_interviewer/frontend/node_modules/side-channel': '/Users/prateekjaiswal/Ai_interviewer /Ai_interviewer/frontend/node_modules/.side-channel-4IYvVaMi',
381 silly reify   '/Users/prateekjaiswal/Ai_interviewer /Ai_interviewer/frontend/node_modules/side-channel-list': '/Users/prateekjaiswal/Ai_interviewer /Ai_interviewer/frontend/node_modules/.side-channel-list-1vAvtonX',
381 silly reify   '/Users/prateekjaiswal/Ai_interviewer /Ai_interviewer/frontend/node_modules/side-channel-map': '/Users/prateekjaiswal/Ai_interviewer /Ai_interviewer/frontend/node_modules/.side-channel-map-UK5VjdZn',
381 silly reify   '/Users/prateekjaiswal/Ai_interviewer /Ai_interviewer/frontend/node_modules/side-channel-weakmap': '/Users/prateekjaiswal/Ai_interviewer /Ai_interviewer/frontend/node_modules/.side-channel-weakmap-3o38UIZs',
381 silly reify   '/Users/prateekjaiswal/Ai_interviewer /Ai_interviewer/frontend/node_modules/source-map-js': '/Users/prateekjaiswal/Ai_interviewer /Ai_interviewer/frontend/node_modules/.source-map-js-oFEsqfd2',
381 silly reify   '/Users/prateekjaiswal/Ai_interviewer /Ai_interviewer/frontend/node_modules/stable-hash': '/Users/prateekjaiswal/Ai_interviewer /Ai_interviewer/frontend/node_modules/.stable-hash-Dozf8BXf',
381 silly reify   '/Users/prateekjaiswal/Ai_interviewer /Ai_interviewer/frontend/node_modules/stop-iteration-iterator': '/Users/prateekjaiswal/Ai_interviewer /Ai_interviewer/frontend/node_modules/.stop-iteration-iterator-5lctZuDC',
381 silly reify   '/Users/prateekjaiswal/Ai_interviewer /Ai_interviewer/frontend/node_modules/string.prototype.includes': '/Users/prateekjaiswal/Ai_interviewer /Ai_interviewer/frontend/node_modules/.string.prototype.includes-GrR57UFi',
381 silly reify   '/Users/prateekjaiswal/Ai_interviewer /Ai_interviewer/frontend/node_modules/string.prototype.matchall': '/Users/prateekjaiswal/Ai_interviewer /Ai_interviewer/frontend/node_modules/.string.prototype.matchall-ETKxFdNv',
381 silly reify   '/Users/prateekjaiswal/Ai_interviewer /Ai_interviewer/frontend/node_modules/string.prototype.repeat': '/Users/prateekjaiswal/Ai_interviewer /Ai_interviewer/frontend/node_modules/.string.prototype.repeat-X4HX38r4',
381 silly reify   '/Users/prateekjaiswal/Ai_interviewer /Ai_interviewer/frontend/node_modules/string.prototype.trim': '/Users/prateekjaiswal/Ai_interviewer /Ai_interviewer/frontend/node_modules/.string.prototype.trim-MKX6M2Bv',
381 silly reify   '/Users/prateekjaiswal/Ai_interviewer /Ai_interviewer/frontend/node_modules/string.prototype.trimend': '/Users/prateekjaiswal/Ai_interviewer /Ai_interviewer/frontend/node_modules/.string.prototype.trimend-2BPMK1px',
381 silly reify   '/Users/prateekjaiswal/Ai_interviewer /Ai_interviewer/frontend/node_modules/string.prototype.trimstart': '/Users/prateekjaiswal/Ai_interviewer /Ai_interviewer/frontend/node_modules/.string.prototype.trimstart-6WjU7B6e',
381 silly reify   '/Users/prateekjaiswal/Ai_interviewer /Ai_interviewer/frontend/node_modules/strip-bom': '/Users/prateekjaiswal/Ai_interviewer /Ai_interviewer/frontend/node_modules/.strip-bom-cxnMIXeb',
381 silly reify   '/Users/prateekjaiswal/Ai_interviewer /Ai_interviewer/frontend/node_modules/strip-json-comments': '/Users/prateekjaiswal/Ai_interviewer /Ai_interviewer/frontend/node_modules/.strip-json-comments-BaEHyj2s',
381 silly reify   '/Users/prateekjaiswal/Ai_interviewer /Ai_interviewer/frontend/node_modules/styled-jsx': '/Users/prateekjaiswal/Ai_interviewer /Ai_interviewer/frontend/node_modules/.styled-jsx-iaPG4lik',
381 silly reify   '/Users/prateekjaiswal/Ai_interviewer /Ai_interviewer/frontend/node_modules/supports-color': '/Users/prateekjaiswal/Ai_interviewer /Ai_interviewer/frontend/node_modules/.supports-color-2KbFTiQS',
381 silly reify   '/Users/prateekjaiswal/Ai_interviewer /Ai_interviewer/frontend/node_modules/supports-preserve-symlinks-flag': '/Users/prateekjaiswal/Ai_interviewer /Ai_interviewer/frontend/node_modules/.supports-preserve-symlinks-flag-lqQVZyrU',
381 silly reify   '/Users/prateekjaiswal/Ai_interviewer /Ai_interviewer/frontend/node_modules/tailwind-merge': '/Users/prateekjaiswal/Ai_interviewer /Ai_interviewer/frontend/node_modules/.tailwind-merge-GJKvZ8iY',
381 silly reify   '/Users/prateekjaiswal/Ai_interviewer /Ai_interviewer/frontend/node_modules/tailwindcss': '/Users/prateekjaiswal/Ai_interviewer /Ai_interviewer/frontend/node_modules/.tailwindcss-R3YLllaR',
381 silly reify   '/Users/prateekjaiswal/Ai_interviewer /Ai_interviewer/frontend/node_modules/tapable': '/Users/prateekjaiswal/Ai_interviewer /Ai_interviewer/frontend/node_modules/.tapable-vS7Nio1H',
381 silly reify   '/Users/prateekjaiswal/Ai_interviewer /Ai_interviewer/frontend/node_modules/tinyglobby': '/Users/prateekjaiswal/Ai_interviewer /Ai_interviewer/frontend/node_modules/.tinyglobby-jOD62eVe',
381 silly reify   '/Users/prateekjaiswal/Ai_interviewer /Ai_interviewer/frontend/node_modules/to-regex-range': '/Users/prateekjaiswal/Ai_interviewer /Ai_interviewer/frontend/node_modules/.to-regex-range-wnUTfpst',
381 silly reify   '/Users/prateekjaiswal/Ai_interviewer /Ai_interviewer/frontend/node_modules/ts-api-utils': '/Users/prateekjaiswal/Ai_interviewer /Ai_interviewer/frontend/node_modules/.ts-api-utils-0izA6K4K',
381 silly reify   '/Users/prateekjaiswal/Ai_interviewer /Ai_interviewer/frontend/node_modules/tsconfig-paths': '/Users/prateekjaiswal/Ai_interviewer /Ai_interviewer/frontend/node_modules/.tsconfig-paths-dxKA3PuE',
381 silly reify   '/Users/prateekjaiswal/Ai_interviewer /Ai_interviewer/frontend/node_modules/tslib': '/Users/prateekjaiswal/Ai_interviewer /Ai_interviewer/frontend/node_modules/.tslib-JDYtFpsI',
381 silly reify   '/Users/prateekjaiswal/Ai_interviewer /Ai_interviewer/frontend/node_modules/type-check': '/Users/prateekjaiswal/Ai_interviewer /Ai_interviewer/frontend/node_modules/.type-check-LV6uBHJm',
381 silly reify   '/Users/prateekjaiswal/Ai_interviewer /Ai_interviewer/frontend/node_modules/typed-array-byte-length': '/Users/prateekjaiswal/Ai_interviewer /Ai_interviewer/frontend/node_modules/.typed-array-byte-length-dy1zj61s',
381 silly reify   '/Users/prateekjaiswal/Ai_interviewer /Ai_interviewer/frontend/node_modules/typed-array-buffer': '/Users/prateekjaiswal/Ai_interviewer /Ai_interviewer/frontend/node_modules/.typed-array-buffer-DjR3lHGm',
381 silly reify   '/Users/prateekjaiswal/Ai_interviewer /Ai_interviewer/frontend/node_modules/typed-array-byte-offset': '/Users/prateekjaiswal/Ai_interviewer /Ai_interviewer/frontend/node_modules/.typed-array-byte-offset-NkpOEvNF',
381 silly reify   '/Users/prateekjaiswal/Ai_interviewer /Ai_interviewer/frontend/node_modules/typed-array-length': '/Users/prateekjaiswal/Ai_interviewer /Ai_interviewer/frontend/node_modules/.typed-array-length-IICKDIIL',
381 silly reify   '/Users/prateekjaiswal/Ai_interviewer /Ai_interviewer/frontend/node_modules/typed-emitter': '/Users/prateekjaiswal/Ai_interviewer /Ai_interviewer/frontend/node_modules/.typed-emitter-fgK15UIV',
381 silly reify   '/Users/prateekjaiswal/Ai_interviewer /Ai_interviewer/frontend/node_modules/typescript': '/Users/prateekjaiswal/Ai_interviewer /Ai_interviewer/frontend/node_modules/.typescript-8vzHo1Lg',
381 silly reify   '/Users/prateekjaiswal/Ai_interviewer /Ai_interviewer/frontend/node_modules/typescript-eslint': '/Users/prateekjaiswal/Ai_interviewer /Ai_interviewer/frontend/node_modules/.typescript-eslint-PHWc4sOQ',
381 silly reify   '/Users/prateekjaiswal/Ai_interviewer /Ai_interviewer/frontend/node_modules/unbox-primitive': '/Users/prateekjaiswal/Ai_interviewer /Ai_interviewer/frontend/node_modules/.unbox-primitive-sp1cfxub',
381 silly reify   '/Users/prateekjaiswal/Ai_interviewer /Ai_interviewer/frontend/node_modules/undici-types': '/Users/prateekjaiswal/Ai_interviewer /Ai_interviewer/frontend/node_modules/.undici-types-l3lpqLVs',
381 silly reify   '/Users/prateekjaiswal/Ai_interviewer /Ai_interviewer/frontend/node_modules/unrs-resolver': '/Users/prateekjaiswal/Ai_interviewer /Ai_interviewer/frontend/node_modules/.unrs-resolver-AI23YPmO',
381 silly reify   '/Users/prateekjaiswal/Ai_interviewer /Ai_interviewer/frontend/node_modules/update-browserslist-db': '/Users/prateekjaiswal/Ai_interviewer /Ai_interviewer/frontend/node_modules/.update-browserslist-db-vivzWR24',
381 silly reify   '/Users/prateekjaiswal/Ai_interviewer /Ai_interviewer/frontend/node_modules/uri-js': '/Users/prateekjaiswal/Ai_interviewer /Ai_interviewer/frontend/node_modules/.uri-js-HR23Ili0',
381 silly reify   '/Users/prateekjaiswal/Ai_interviewer /Ai_interviewer/frontend/node_modules/usehooks-ts': '/Users/prateekjaiswal/Ai_interviewer /Ai_interviewer/frontend/node_modules/.usehooks-ts-U6i6gYX3',
381 silly reify   '/Users/prateekjaiswal/Ai_interviewer /Ai_interviewer/frontend/node_modules/webrtc-adapter': '/Users/prateekjaiswal/Ai_interviewer /Ai_interviewer/frontend/node_modules/.webrtc-adapter-mq5C4BR4',
381 silly reify   '/Users/prateekjaiswal/Ai_interviewer /Ai_interviewer/frontend/node_modules/which': '/Users/prateekjaiswal/Ai_interviewer /Ai_interviewer/frontend/node_modules/.which-92EB2qbd',
381 silly reify   '/Users/prateekjaiswal/Ai_interviewer /Ai_interviewer/frontend/node_modules/which-boxed-primitive': '/Users/prateekjaiswal/Ai_interviewer /Ai_interviewer/frontend/node_modules/.which-boxed-primitive-0qlsh1nK',
381 silly reify   '/Users/prateekjaiswal/Ai_interviewer /Ai_interviewer/frontend/node_modules/which-builtin-type': '/Users/prateekjaiswal/Ai_interviewer /Ai_interviewer/frontend/node_modules/.which-builtin-type-dOcZEM4q',
381 silly reify   '/Users/prateekjaiswal/Ai_interviewer /Ai_interviewer/frontend/node_modules/which-collection': '/Users/prateekjaiswal/Ai_interviewer /Ai_interviewer/frontend/node_modules/.which-collection-ix61vchs',
381 silly reify   '/Users/prateekjaiswal/Ai_interviewer /Ai_interviewer/frontend/node_modules/which-typed-array': '/Users/prateekjaiswal/Ai_interviewer /Ai_interviewer/frontend/node_modules/.which-typed-array-bbE6xVZF',
381 silly reify   '/Users/prateekjaiswal/Ai_interviewer /Ai_interviewer/frontend/node_modules/word-wrap': '/Users/prateekjaiswal/Ai_interviewer /Ai_interviewer/frontend/node_modules/.word-wrap-H9aqXpCw',
381 silly reify   '/Users/prateekjaiswal/Ai_interviewer /Ai_interviewer/frontend/node_modules/yallist': '/Users/prateekjaiswal/Ai_interviewer /Ai_interviewer/frontend/node_modules/.yallist-nngXEk6H',
381 silly reify   '/Users/prateekjaiswal/Ai_interviewer /Ai_interviewer/frontend/node_modules/yocto-queue': '/Users/prateekjaiswal/Ai_interviewer /Ai_interviewer/frontend/node_modules/.yocto-queue-5lVuaDsh',
381 silly reify   '/Users/prateekjaiswal/Ai_interviewer /Ai_interviewer/frontend/node_modules/zod': '/Users/prateekjaiswal/Ai_interviewer /Ai_interviewer/frontend/node_modules/.zod-MmejqeAv',
381 silly reify   '/Users/prateekjaiswal/Ai_interviewer /Ai_interviewer/frontend/node_modules/zod-validation-error': '/Users/prateekjaiswal/Ai_interviewer /Ai_interviewer/frontend/node_modules/.zod-validation-error-EV88R6Bd',
381 silly reify   '/Users/prateekjaiswal/Ai_interviewer /Ai_interviewer/frontend/node_modules/@alloc/quick-lru': '/Users/prateekjaiswal/Ai_interviewer /Ai_interviewer/frontend/node_modules/@alloc/.quick-lru-DCPZoh1X',
381 silly reify   '/Users/prateekjaiswal/Ai_interviewer /Ai_interviewer/frontend/node_modules/@babel/code-frame': '/Users/prateekjaiswal/Ai_interviewer /Ai_interviewer/frontend/node_modules/@babel/.code-frame-xpNhVQS2',
381 silly reify   '/Users/prateekjaiswal/Ai_interviewer /Ai_interviewer/frontend/node_modules/@babel/compat-data': '/Users/prateekjaiswal/Ai_interviewer /Ai_interviewer/frontend/node_modules/@babel/.compat-data-DntBVqqj',
381 silly reify   '/Users/prateekjaiswal/Ai_interviewer /Ai_interviewer/frontend/node_modules/@babel/core': '/Users/prateekjaiswal/Ai_interviewer /Ai_interviewer/frontend/node_modules/@babel/.core-rrTihKLl',
381 silly reify   '/Users/prateekjaiswal/Ai_interviewer /Ai_interviewer/frontend/node_modules/@babel/generator': '/Users/prateekjaiswal/Ai_interviewer /Ai_interviewer/frontend/node_modules/@babel/.generator-OABgVBLy',
381 silly reify   '/Users/prateekjaiswal/Ai_interviewer /Ai_interviewer/frontend/node_modules/@babel/helper-compilation-targets': '/Users/prateekjaiswal/Ai_interviewer /Ai_interviewer/frontend/node_modules/@babel/.helper-compilation-targets-EXczdarQ',
381 silly reify   '/Users/prateekjaiswal/Ai_interviewer /Ai_interviewer/frontend/node_modules/@babel/helper-globals': '/Users/prateekjaiswal/Ai_interviewer /Ai_interviewer/frontend/node_modules/@babel/.helper-globals-Gnfwpgdh',
381 silly reify   '/Users/prateekjaiswal/Ai_interviewer /Ai_interviewer/frontend/node_modules/@babel/helper-module-imports': '/Users/prateekjaiswal/Ai_interviewer /Ai_interviewer/frontend/node_modules/@babel/.helper-module-imports-zhLlUa3g',
381 silly reify   '/Users/prateekjaiswal/Ai_interviewer /Ai_interviewer/frontend/node_modules/@babel/helper-module-transforms': '/Users/prateekjaiswal/Ai_interviewer /Ai_interviewer/frontend/node_modules/@babel/.helper-module-transforms-cGTtcy6F',
381 silly reify   '/Users/prateekjaiswal/Ai_interviewer /Ai_interviewer/frontend/node_modules/@babel/helper-string-parser': '/Users/prateekjaiswal/Ai_interviewer /Ai_interviewer/frontend/node_modules/@babel/.helper-string-parser-6Y5BnwEn',
381 silly reify   '/Users/prateekjaiswal/Ai_interviewer /Ai_interviewer/frontend/node_modules/@babel/helper-validator-identifier': '/Users/prateekjaiswal/Ai_interviewer /Ai_interviewer/frontend/node_modules/@babel/.helper-validator-identifier-FJJ5vdHV',
381 silly reify   '/Users/prateekjaiswal/Ai_interviewer /Ai_interviewer/frontend/node_modules/@babel/helper-validator-option': '/Users/prateekjaiswal/Ai_interviewer /Ai_interviewer/frontend/node_modules/@babel/.helper-validator-option-dWetpY51',
381 silly reify   '/Users/prateekjaiswal/Ai_interviewer /Ai_interviewer/frontend/node_modules/@babel/helpers': '/Users/prateekjaiswal/Ai_interviewer /Ai_interviewer/frontend/node_modules/@babel/.helpers-xcgOxmWT',
381 silly reify   '/Users/prateekjaiswal/Ai_interviewer /Ai_interviewer/frontend/node_modules/@babel/parser': '/Users/prateekjaiswal/Ai_interviewer /Ai_interviewer/frontend/node_modules/@babel/.parser-NgFQzlFP',
381 silly reify   '/Users/prateekjaiswal/Ai_interviewer /Ai_interviewer/frontend/node_modules/@babel/template': '/Users/prateekjaiswal/Ai_interviewer /Ai_interviewer/frontend/node_modules/@babel/.template-JrfglUZu',
381 silly reify   '/Users/prateekjaiswal/Ai_interviewer /Ai_interviewer/frontend/node_modules/@babel/traverse': '/Users/prateekjaiswal/Ai_interviewer /Ai_interviewer/frontend/node_modules/@babel/.traverse-iT3fRIUI',
381 silly reify   '/Users/prateekjaiswal/Ai_interviewer /Ai_interviewer/frontend/node_modules/@babel/types': '/Users/prateekjaiswal/Ai_interviewer /Ai_interviewer/frontend/node_modules/@babel/.types-elj7Mp25',
381 silly reify   '/Users/prateekjaiswal/Ai_interviewer /Ai_interviewer/frontend/node_modules/@bufbuild/protobuf': '/Users/prateekjaiswal/Ai_interviewer /Ai_interviewer/frontend/node_modules/@bufbuild/.protobuf-W8bW97IL',
381 silly reify   '/Users/prateekjaiswal/Ai_interviewer /Ai_interviewer/frontend/node_modules/@emnapi/core': '/Users/prateekjaiswal/Ai_interviewer /Ai_interviewer/frontend/node_modules/@emnapi/.core-g4DQZ5X3',
381 silly reify   '/Users/prateekjaiswal/Ai_interviewer /Ai_interviewer/frontend/node_modules/@emnapi/runtime': '/Users/prateekjaiswal/Ai_interviewer /Ai_interviewer/frontend/node_modules/@emnapi/.runtime-oRNVefdx',
381 silly reify   '/Users/prateekjaiswal/Ai_interviewer /Ai_interviewer/frontend/node_modules/@emnapi/wasi-threads': '/Users/prateekjaiswal/Ai_interviewer /Ai_interviewer/frontend/node_modules/@emnapi/.wasi-threads-jRrzxvII',
381 silly reify   '/Users/prateekjaiswal/Ai_interviewer /Ai_interviewer/frontend/node_modules/@eslint/config-array': '/Users/prateekjaiswal/Ai_interviewer /Ai_interviewer/frontend/node_modules/@eslint/.config-array-h9BzBkK3',
381 silly reify   '/Users/prateekjaiswal/Ai_interviewer /Ai_interviewer/frontend/node_modules/@eslint/config-helpers': '/Users/prateekjaiswal/Ai_interviewer /Ai_interviewer/frontend/node_modules/@eslint/.config-helpers-QgWJJbSo',
381 silly reify   '/Users/prateekjaiswal/Ai_interviewer /Ai_interviewer/frontend/node_modules/@eslint/core': '/Users/prateekjaiswal/Ai_interviewer /Ai_interviewer/frontend/node_modules/@eslint/.core-loonZOcs',
381 silly reify   '/Users/prateekjaiswal/Ai_interviewer /Ai_interviewer/frontend/node_modules/@eslint/eslintrc': '/Users/prateekjaiswal/Ai_interviewer /Ai_interviewer/frontend/node_modules/@eslint/.eslintrc-VGezJwow',
381 silly reify   '/Users/prateekjaiswal/Ai_interviewer /Ai_interviewer/frontend/node_modules/@eslint/js': '/Users/prateekjaiswal/Ai_interviewer /Ai_interviewer/frontend/node_modules/@eslint/.js-o4eeFf5F',
381 silly reify   '/Users/prateekjaiswal/Ai_interviewer /Ai_interviewer/frontend/node_modules/@eslint/object-schema': '/Users/prateekjaiswal/Ai_interviewer /Ai_interviewer/frontend/node_modules/@eslint/.object-schema-trbWWQMU',
381 silly reify   '/Users/prateekjaiswal/Ai_interviewer /Ai_interviewer/frontend/node_modules/@eslint/plugin-kit': '/Users/prateekjaiswal/Ai_interviewer /Ai_interviewer/frontend/node_modules/@eslint/.plugin-kit-TgeBPqzr',
381 silly reify   '/Users/prateekjaiswal/Ai_interviewer /Ai_interviewer/frontend/node_modules/@eslint-community/eslint-utils': '/Users/prateekjaiswal/Ai_interviewer /Ai_interviewer/frontend/node_modules/@eslint-community/.eslint-utils-RJywYszM',
381 silly reify   '/Users/prateekjaiswal/Ai_interviewer /Ai_interviewer/frontend/node_modules/@eslint-community/regexpp': '/Users/prateekjaiswal/Ai_interviewer /Ai_interviewer/frontend/node_modules/@eslint-community/.regexpp-juuHAPZA',
381 silly reify   '/Users/prateekjaiswal/Ai_interviewer /Ai_interviewer/frontend/node_modules/@floating-ui/core': '/Users/prateekjaiswal/Ai_interviewer /Ai_interviewer/frontend/node_modules/@floating-ui/.core-kylxiqfZ',
381 silly reify   '/Users/prateekjaiswal/Ai_interviewer /Ai_interviewer/frontend/node_modules/@floating-ui/dom': '/Users/prateekjaiswal/Ai_interviewer /Ai_interviewer/frontend/node_modules/@floating-ui/.dom-YQndxXWr',
381 silly reify   '/Users/prateekjaiswal/Ai_interviewer /Ai_interviewer/frontend/node_modules/@floating-ui/utils': '/Users/prateekjaiswal/Ai_interviewer /Ai_interviewer/frontend/node_modules/@floating-ui/.utils-4imtgnbW',
381 silly reify   '/Users/prateekjaiswal/Ai_interviewer /Ai_interviewer/frontend/node_modules/@humanfs/core': '/Users/prateekjaiswal/Ai_interviewer /Ai_interviewer/frontend/node_modules/@humanfs/.core-yUzBal40',
381 silly reify   '/Users/prateekjaiswal/Ai_interviewer /Ai_interviewer/frontend/node_modules/@humanfs/node': '/Users/prateekjaiswal/Ai_interviewer /Ai_interviewer/frontend/node_modules/@humanfs/.node-2o2Uscaa',
381 silly reify   '/Users/prateekjaiswal/Ai_interviewer /Ai_interviewer/frontend/node_modules/@humanfs/types': '/Users/prateekjaiswal/Ai_interviewer /Ai_interviewer/frontend/node_modules/@humanfs/.types-6j7k9fwT',
381 silly reify   '/Users/prateekjaiswal/Ai_interviewer /Ai_interviewer/frontend/node_modules/@humanwhocodes/module-importer': '/Users/prateekjaiswal/Ai_interviewer /Ai_interviewer/frontend/node_modules/@humanwhocodes/.module-importer-YktmN6xc',
381 silly reify   '/Users/prateekjaiswal/Ai_interviewer /Ai_interviewer/frontend/node_modules/@humanwhocodes/retry': '/Users/prateekjaiswal/Ai_interviewer /Ai_interviewer/frontend/node_modules/@humanwhocodes/.retry-lYWV6CIM',
381 silly reify   '/Users/prateekjaiswal/Ai_interviewer /Ai_interviewer/frontend/node_modules/@img/colour': '/Users/prateekjaiswal/Ai_interviewer /Ai_interviewer/frontend/node_modules/@img/.colour-7GZ58azb',
381 silly reify   '/Users/prateekjaiswal/Ai_interviewer /Ai_interviewer/frontend/node_modules/@img/sharp-darwin-arm64': '/Users/prateekjaiswal/Ai_interviewer /Ai_interviewer/frontend/node_modules/@img/.sharp-darwin-arm64-g28d3WsP',
381 silly reify   '/Users/prateekjaiswal/Ai_interviewer /Ai_interviewer/frontend/node_modules/@img/sharp-libvips-darwin-arm64': '/Users/prateekjaiswal/Ai_interviewer /Ai_interviewer/frontend/node_modules/@img/.sharp-libvips-darwin-arm64-0Wjux5CZ',
381 silly reify   '/Users/prateekjaiswal/Ai_interviewer /Ai_interviewer/frontend/node_modules/@jridgewell/gen-mapping': '/Users/prateekjaiswal/Ai_interviewer /Ai_interviewer/frontend/node_modules/@jridgewell/.gen-mapping-qfCXpa2H',
381 silly reify   '/Users/prateekjaiswal/Ai_interviewer /Ai_interviewer/frontend/node_modules/@jridgewell/remapping': '/Users/prateekjaiswal/Ai_interviewer /Ai_interviewer/frontend/node_modules/@jridgewell/.remapping-fZm4n57G',
381 silly reify   '/Users/prateekjaiswal/Ai_interviewer /Ai_interviewer/frontend/node_modules/@jridgewell/resolve-uri': '/Users/prateekjaiswal/Ai_interviewer /Ai_interviewer/frontend/node_modules/@jridgewell/.resolve-uri-kk9TEWwO',
381 silly reify   '/Users/prateekjaiswal/Ai_interviewer /Ai_interviewer/frontend/node_modules/@jridgewell/sourcemap-codec': '/Users/prateekjaiswal/Ai_interviewer /Ai_interviewer/frontend/node_modules/@jridgewell/.sourcemap-codec-O4zO0TfY',
381 silly reify   '/Users/prateekjaiswal/Ai_interviewer /Ai_interviewer/frontend/node_modules/@jridgewell/trace-mapping': '/Users/prateekjaiswal/Ai_interviewer /Ai_interviewer/frontend/node_modules/@jridgewell/.trace-mapping-CP8znlZK',
381 silly reify   '/Users/prateekjaiswal/Ai_interviewer /Ai_interviewer/frontend/node_modules/@livekit/components-core': '/Users/prateekjaiswal/Ai_interviewer /Ai_interviewer/frontend/node_modules/@livekit/.components-core-9BVKS60k',
381 silly reify   '/Users/prateekjaiswal/Ai_interviewer /Ai_interviewer/frontend/node_modules/@livekit/components-react': '/Users/prateekjaiswal/Ai_interviewer /Ai_interviewer/frontend/node_modules/@livekit/.components-react-xLKq6N2G',
381 silly reify   '/Users/prateekjaiswal/Ai_interviewer /Ai_interviewer/frontend/node_modules/@livekit/components-styles': '/Users/prateekjaiswal/Ai_interviewer /Ai_interviewer/frontend/node_modules/@livekit/.components-styles-bYSzq2aq',
381 silly reify   '/Users/prateekjaiswal/Ai_interviewer /Ai_interviewer/frontend/node_modules/@livekit/protocol': '/Users/prateekjaiswal/Ai_interviewer /Ai_interviewer/frontend/node_modules/@livekit/.protocol-P59inVyh',
381 silly reify   '/Users/prateekjaiswal/Ai_interviewer /Ai_interviewer/frontend/node_modules/@napi-rs/wasm-runtime': '/Users/prateekjaiswal/Ai_interviewer /Ai_interviewer/frontend/node_modules/@napi-rs/.wasm-runtime-CevbFwGb',
381 silly reify   '/Users/prateekjaiswal/Ai_interviewer /Ai_interviewer/frontend/node_modules/@next/env': '/Users/prateekjaiswal/Ai_interviewer /Ai_interviewer/frontend/node_modules/@next/.env-9qdnk1ys',
381 silly reify   '/Users/prateekjaiswal/Ai_interviewer /Ai_interviewer/frontend/node_modules/@livekit/mutex': '/Users/prateekjaiswal/Ai_interviewer /Ai_interviewer/frontend/node_modules/@livekit/.mutex-GvOSgDVV',
381 silly reify   '/Users/prateekjaiswal/Ai_interviewer /Ai_interviewer/frontend/node_modules/@next/eslint-plugin-next': '/Users/prateekjaiswal/Ai_interviewer /Ai_interviewer/frontend/node_modules/@next/.eslint-plugin-next-Nvq95Q63',
381 silly reify   '/Users/prateekjaiswal/Ai_interviewer /Ai_interviewer/frontend/node_modules/@next/swc-darwin-arm64': '/Users/prateekjaiswal/Ai_interviewer /Ai_interviewer/frontend/node_modules/@next/.swc-darwin-arm64-m5th93KW',
381 silly reify   '/Users/prateekjaiswal/Ai_interviewer /Ai_interviewer/frontend/node_modules/@nodelib/fs.scandir': '/Users/prateekjaiswal/Ai_interviewer /Ai_interviewer/frontend/node_modules/@nodelib/.fs.scandir-cbVtxDsW',
381 silly reify   '/Users/prateekjaiswal/Ai_interviewer /Ai_interviewer/frontend/node_modules/@nodelib/fs.stat': '/Users/prateekjaiswal/Ai_interviewer /Ai_interviewer/frontend/node_modules/@nodelib/.fs.stat-NUZ4ZuWm',
381 silly reify   '/Users/prateekjaiswal/Ai_interviewer /Ai_interviewer/frontend/node_modules/@nodelib/fs.walk': '/Users/prateekjaiswal/Ai_interviewer /Ai_interviewer/frontend/node_modules/@nodelib/.fs.walk-1KuRDcrJ',
381 silly reify   '/Users/prateekjaiswal/Ai_interviewer /Ai_interviewer/frontend/node_modules/@nolyfill/is-core-module': '/Users/prateekjaiswal/Ai_interviewer /Ai_interviewer/frontend/node_modules/@nolyfill/.is-core-module-epXlalnN',
381 silly reify   '/Users/prateekjaiswal/Ai_interviewer /Ai_interviewer/frontend/node_modules/@rtsao/scc': '/Users/prateekjaiswal/Ai_interviewer /Ai_interviewer/frontend/node_modules/@rtsao/.scc-ODCO9Qth',
381 silly reify   '/Users/prateekjaiswal/Ai_interviewer /Ai_interviewer/frontend/node_modules/@swc/helpers': '/Users/prateekjaiswal/Ai_interviewer /Ai_interviewer/frontend/node_modules/@swc/.helpers-UqcMXHCn',
381 silly reify   '/Users/prateekjaiswal/Ai_interviewer /Ai_interviewer/frontend/node_modules/@tailwindcss/node': '/Users/prateekjaiswal/Ai_interviewer /Ai_interviewer/frontend/node_modules/@tailwindcss/.node-aIcE0RKe',
381 silly reify   '/Users/prateekjaiswal/Ai_interviewer /Ai_interviewer/frontend/node_modules/@tailwindcss/oxide': '/Users/prateekjaiswal/Ai_interviewer /Ai_interviewer/frontend/node_modules/@tailwindcss/.oxide-FM0IWHX9',
381 silly reify   '/Users/prateekjaiswal/Ai_interviewer /Ai_interviewer/frontend/node_modules/@tailwindcss/oxide-darwin-arm64': '/Users/prateekjaiswal/Ai_interviewer /Ai_interviewer/frontend/node_modules/@tailwindcss/.oxide-darwin-arm64-s6eKA7tB',
381 silly reify   '/Users/prateekjaiswal/Ai_interviewer /Ai_interviewer/frontend/node_modules/@tailwindcss/postcss': '/Users/prateekjaiswal/Ai_interviewer /Ai_interviewer/frontend/node_modules/@tailwindcss/.postcss-R91ECLkz',
381 silly reify   '/Users/prateekjaiswal/Ai_interviewer /Ai_interviewer/frontend/node_modules/@tybys/wasm-util': '/Users/prateekjaiswal/Ai_interviewer /Ai_interviewer/frontend/node_modules/@tybys/.wasm-util-83768Y94',
381 silly reify   '/Users/prateekjaiswal/Ai_interviewer /Ai_interviewer/frontend/node_modules/@types/dom-mediacapture-record': '/Users/prateekjaiswal/Ai_interviewer /Ai_interviewer/frontend/node_modules/@types/.dom-mediacapture-record-k0jGneCc',
381 silly reify   '/Users/prateekjaiswal/Ai_interviewer /Ai_interviewer/frontend/node_modules/@types/json-schema': '/Users/prateekjaiswal/Ai_interviewer /Ai_interviewer/frontend/node_modules/@types/.json-schema-Df7cZaTH',
381 silly reify   '/Users/prateekjaiswal/Ai_interviewer /Ai_interviewer/frontend/node_modules/@types/estree': '/Users/prateekjaiswal/Ai_interviewer /Ai_interviewer/frontend/node_modules/@types/.estree-b8H17lQp',
381 silly reify   '/Users/prateekjaiswal/Ai_interviewer /Ai_interviewer/frontend/node_modules/@types/json5': '/Users/prateekjaiswal/Ai_interviewer /Ai_interviewer/frontend/node_modules/@types/.json5-E8Nntfcw',
381 silly reify   '/Users/prateekjaiswal/Ai_interviewer /Ai_interviewer/frontend/node_modules/@types/node': '/Users/prateekjaiswal/Ai_interviewer /Ai_interviewer/frontend/node_modules/@types/.node-6rUYIsdQ',
381 silly reify   '/Users/prateekjaiswal/Ai_interviewer /Ai_interviewer/frontend/node_modules/@types/react': '/Users/prateekjaiswal/Ai_interviewer /Ai_interviewer/frontend/node_modules/@types/.react-JHoxS7J6',
381 silly reify   '/Users/prateekjaiswal/Ai_interviewer /Ai_interviewer/frontend/node_modules/@types/react-dom': '/Users/prateekjaiswal/Ai_interviewer /Ai_interviewer/frontend/node_modules/@types/.react-dom-HoixEDfE',
381 silly reify   '/Users/prateekjaiswal/Ai_interviewer /Ai_interviewer/frontend/node_modules/@typescript-eslint/eslint-plugin': '/Users/prateekjaiswal/Ai_interviewer /Ai_interviewer/frontend/node_modules/@typescript-eslint/.eslint-plugin-nvBbC4AI',
381 silly reify   '/Users/prateekjaiswal/Ai_interviewer /Ai_interviewer/frontend/node_modules/@typescript-eslint/project-service': '/Users/prateekjaiswal/Ai_interviewer /Ai_interviewer/frontend/node_modules/@typescript-eslint/.project-service-M6ByMAb0',
381 silly reify   '/Users/prateekjaiswal/Ai_interviewer /Ai_interviewer/frontend/node_modules/@typescript-eslint/parser': '/Users/prateekjaiswal/Ai_interviewer /Ai_interviewer/frontend/node_modules/@typescript-eslint/.parser-ip8F26Ju',
381 silly reify   '/Users/prateekjaiswal/Ai_interviewer /Ai_interviewer/frontend/node_modules/@typescript-eslint/scope-manager': '/Users/prateekjaiswal/Ai_interviewer /Ai_interviewer/frontend/node_modules/@typescript-eslint/.scope-manager-jpOKRtuP',
381 silly reify   '/Users/prateekjaiswal/Ai_interviewer /Ai_interviewer/frontend/node_modules/@typescript-eslint/tsconfig-utils': '/Users/prateekjaiswal/Ai_interviewer /Ai_interviewer/frontend/node_modules/@typescript-eslint/.tsconfig-utils-RWcMAyIA',
381 silly reify   '/Users/prateekjaiswal/Ai_interviewer /Ai_interviewer/frontend/node_modules/@typescript-eslint/type-utils': '/Users/prateekjaiswal/Ai_interviewer /Ai_interviewer/frontend/node_modules/@typescript-eslint/.type-utils-jabrfq6Y',
381 silly reify   '/Users/prateekjaiswal/Ai_interviewer /Ai_interviewer/frontend/node_modules/@typescript-eslint/types': '/Users/prateekjaiswal/Ai_interviewer /Ai_interviewer/frontend/node_modules/@typescript-eslint/.types-q5P8BhxS',
381 silly reify   '/Users/prateekjaiswal/Ai_interviewer /Ai_interviewer/frontend/node_modules/@typescript-eslint/typescript-estree': '/Users/prateekjaiswal/Ai_interviewer /Ai_interviewer/frontend/node_modules/@typescript-eslint/.typescript-estree-gaEftVh2',
381 silly reify   '/Users/prateekjaiswal/Ai_interviewer /Ai_interviewer/frontend/node_modules/@typescript-eslint/utils': '/Users/prateekjaiswal/Ai_interviewer /Ai_interviewer/frontend/node_modules/@typescript-eslint/.utils-2lweKnZM',
381 silly reify   '/Users/prateekjaiswal/Ai_interviewer /Ai_interviewer/frontend/node_modules/@typescript-eslint/visitor-keys': '/Users/prateekjaiswal/Ai_interviewer /Ai_interviewer/frontend/node_modules/@typescript-eslint/.visitor-keys-Awi2sohb',
381 silly reify   '/Users/prateekjaiswal/Ai_interviewer /Ai_interviewer/frontend/node_modules/@unrs/resolver-binding-darwin-arm64': '/Users/prateekjaiswal/Ai_interviewer /Ai_interviewer/frontend/node_modules/@unrs/.resolver-binding-darwin-arm64-fPUJZRqd'
381 silly reify }
382 http cache @typescript-eslint/typescript-estree@https://registry.npmjs.org/@typescript-eslint/typescript-estree/-/typescript-estree-8.59.4.tgz 1ms (cache hit)
383 http cache @unrs/resolver-binding-darwin-arm64@https://registry.npmjs.org/@unrs/resolver-binding-darwin-arm64/-/resolver-binding-darwin-arm64-1.12.2.tgz 0ms (cache hit)
384 http cache @typescript-eslint/tsconfig-utils@https://registry.npmjs.org/@typescript-eslint/tsconfig-utils/-/tsconfig-utils-8.59.4.tgz 0ms (cache hit)
385 http cache @typescript-eslint/parser@https://registry.npmjs.org/@typescript-eslint/parser/-/parser-8.59.4.tgz 0ms (cache hit)
386 http cache @typescript-eslint/scope-manager@https://registry.npmjs.org/@typescript-eslint/scope-manager/-/scope-manager-8.59.4.tgz 0ms (cache hit)
387 http cache @typescript-eslint/type-utils@https://registry.npmjs.org/@typescript-eslint/type-utils/-/type-utils-8.59.4.tgz 0ms (cache hit)
388 http cache @typescript-eslint/utils@https://registry.npmjs.org/@typescript-eslint/utils/-/utils-8.59.4.tgz 0ms (cache hit)
389 http cache @types/react-dom@https://registry.npmjs.org/@types/react-dom/-/react-dom-19.2.3.tgz 0ms (cache hit)
390 http cache @types/json5@https://registry.npmjs.org/@types/json5/-/json5-0.0.29.tgz 0ms (cache hit)
391 http cache @typescript-eslint/project-service@https://registry.npmjs.org/@typescript-eslint/project-service/-/project-service-8.59.4.tgz 0ms (cache hit)
392 http cache @types/estree@https://registry.npmjs.org/@types/estree/-/estree-1.0.9.tgz 0ms (cache hit)
393 http cache @typescript-eslint/eslint-plugin@https://registry.npmjs.org/@typescript-eslint/eslint-plugin/-/eslint-plugin-8.59.4.tgz 0ms (cache hit)
394 http cache @types/node@https://registry.npmjs.org/@types/node/-/node-20.19.41.tgz 0ms (cache hit)
395 http cache @types/json-schema@https://registry.npmjs.org/@types/json-schema/-/json-schema-7.0.15.tgz 0ms (cache hit)
396 http cache @types/react@https://registry.npmjs.org/@types/react/-/react-19.2.15.tgz 0ms (cache hit)
397 http cache @types/dom-mediacapture-record@https://registry.npmjs.org/@types/dom-mediacapture-record/-/dom-mediacapture-record-1.0.22.tgz 0ms (cache hit)
398 http cache @tailwindcss/oxide@https://registry.npmjs.org/@tailwindcss/oxide/-/oxide-4.3.0.tgz 0ms (cache hit)
399 http cache @tailwindcss/postcss@https://registry.npmjs.org/@tailwindcss/postcss/-/postcss-4.3.0.tgz 0ms (cache hit)
400 http cache @tailwindcss/node@https://registry.npmjs.org/@tailwindcss/node/-/node-4.3.0.tgz 0ms (cache hit)
401 http cache @typescript-eslint/types@https://registry.npmjs.org/@typescript-eslint/types/-/types-8.59.4.tgz 0ms (cache hit)
402 http cache @nodelib/fs.walk@https://registry.npmjs.org/@nodelib/fs.walk/-/fs.walk-1.2.8.tgz 0ms (cache hit)
403 http cache @tailwindcss/oxide-darwin-arm64@https://registry.npmjs.org/@tailwindcss/oxide-darwin-arm64/-/oxide-darwin-arm64-4.3.0.tgz 0ms (cache hit)
404 http cache @swc/helpers@https://registry.npmjs.org/@swc/helpers/-/helpers-0.5.15.tgz 0ms (cache hit)
405 http cache @rtsao/scc@https://registry.npmjs.org/@rtsao/scc/-/scc-1.1.0.tgz 0ms (cache hit)
406 http cache @tybys/wasm-util@https://registry.npmjs.org/@tybys/wasm-util/-/wasm-util-0.10.2.tgz 0ms (cache hit)
407 http cache @nodelib/fs.scandir@https://registry.npmjs.org/@nodelib/fs.scandir/-/fs.scandir-2.1.5.tgz 0ms (cache hit)
408 http cache @nolyfill/is-core-module@https://registry.npmjs.org/@nolyfill/is-core-module/-/is-core-module-1.0.39.tgz 0ms (cache hit)
409 http cache @typescript-eslint/visitor-keys@https://registry.npmjs.org/@typescript-eslint/visitor-keys/-/visitor-keys-8.59.4.tgz 0ms (cache hit)
410 http cache @napi-rs/wasm-runtime@https://registry.npmjs.org/@napi-rs/wasm-runtime/-/wasm-runtime-1.1.4.tgz 0ms (cache hit)
411 http cache @next/eslint-plugin-next@https://registry.npmjs.org/@next/eslint-plugin-next/-/eslint-plugin-next-16.2.6.tgz 0ms (cache hit)
412 http cache @next/swc-darwin-arm64@https://registry.npmjs.org/@next/swc-darwin-arm64/-/swc-darwin-arm64-16.2.6.tgz 0ms (cache hit)
413 http cache @livekit/protocol@https://registry.npmjs.org/@livekit/protocol/-/protocol-1.45.8.tgz 0ms (cache hit)
414 http cache @nodelib/fs.stat@https://registry.npmjs.org/@nodelib/fs.stat/-/fs.stat-2.0.5.tgz 0ms (cache hit)
415 http cache @livekit/components-react@https://registry.npmjs.org/@livekit/components-react/-/components-react-2.9.21.tgz 0ms (cache hit)
416 http cache @livekit/mutex@https://registry.npmjs.org/@livekit/mutex/-/mutex-1.1.1.tgz 0ms (cache hit)
417 http cache @livekit/components-core@https://registry.npmjs.org/@livekit/components-core/-/components-core-0.12.13.tgz 0ms (cache hit)
418 http cache @next/env@https://registry.npmjs.org/@next/env/-/env-16.2.6.tgz 0ms (cache hit)
419 http cache @img/sharp-libvips-darwin-arm64@https://registry.npmjs.org/@img/sharp-libvips-darwin-arm64/-/sharp-libvips-darwin-arm64-1.2.4.tgz 0ms (cache hit)
420 http cache @jridgewell/trace-mapping@https://registry.npmjs.org/@jridgewell/trace-mapping/-/trace-mapping-0.3.31.tgz 0ms (cache hit)
421 http cache @jridgewell/resolve-uri@https://registry.npmjs.org/@jridgewell/resolve-uri/-/resolve-uri-3.1.2.tgz 0ms (cache hit)
422 http cache @jridgewell/gen-mapping@https://registry.npmjs.org/@jridgewell/gen-mapping/-/gen-mapping-0.3.13.tgz 0ms (cache hit)
423 http cache @humanwhocodes/module-importer@https://registry.npmjs.org/@humanwhocodes/module-importer/-/module-importer-1.0.1.tgz 0ms (cache hit)
424 http cache @humanwhocodes/retry@https://registry.npmjs.org/@humanwhocodes/retry/-/retry-0.4.3.tgz 0ms (cache hit)
425 http cache @img/sharp-darwin-arm64@https://registry.npmjs.org/@img/sharp-darwin-arm64/-/sharp-darwin-arm64-0.34.5.tgz 0ms (cache hit)
426 http cache @humanfs/types@https://registry.npmjs.org/@humanfs/types/-/types-0.15.0.tgz 0ms (cache hit)
427 http cache @humanfs/node@https://registry.npmjs.org/@humanfs/node/-/node-0.16.8.tgz 0ms (cache hit)
428 http cache @floating-ui/dom@https://registry.npmjs.org/@floating-ui/dom/-/dom-1.7.4.tgz 0ms (cache hit)
429 http cache @floating-ui/core@https://registry.npmjs.org/@floating-ui/core/-/core-1.7.5.tgz 0ms (cache hit)
430 http cache @livekit/components-styles@https://registry.npmjs.org/@livekit/components-styles/-/components-styles-1.2.0.tgz 0ms (cache hit)
431 http cache @humanfs/core@https://registry.npmjs.org/@humanfs/core/-/core-0.19.2.tgz 0ms (cache hit)
432 http cache @floating-ui/utils@https://registry.npmjs.org/@floating-ui/utils/-/utils-0.2.11.tgz 0ms (cache hit)
433 http cache @eslint-community/regexpp@https://registry.npmjs.org/@eslint-community/regexpp/-/regexpp-4.12.2.tgz 0ms (cache hit)
434 http cache @eslint/plugin-kit@https://registry.npmjs.org/@eslint/plugin-kit/-/plugin-kit-0.4.1.tgz 0ms (cache hit)
435 http cache @eslint/object-schema@https://registry.npmjs.org/@eslint/object-schema/-/object-schema-2.1.7.tgz 0ms (cache hit)
436 http cache @img/colour@https://registry.npmjs.org/@img/colour/-/colour-1.1.0.tgz 0ms (cache hit)
437 http cache @jridgewell/remapping@https://registry.npmjs.org/@jridgewell/remapping/-/remapping-2.3.5.tgz 0ms (cache hit)
438 http cache @eslint-community/eslint-utils@https://registry.npmjs.org/@eslint-community/eslint-utils/-/eslint-utils-4.9.1.tgz 0ms (cache hit)
439 http cache @eslint/js@https://registry.npmjs.org/@eslint/js/-/js-9.39.4.tgz 0ms (cache hit)
440 http cache @eslint/config-array@https://registry.npmjs.org/@eslint/config-array/-/config-array-0.21.2.tgz 0ms (cache hit)
441 http cache @eslint/config-helpers@https://registry.npmjs.org/@eslint/config-helpers/-/config-helpers-0.4.2.tgz 0ms (cache hit)
442 http cache @emnapi/wasi-threads@https://registry.npmjs.org/@emnapi/wasi-threads/-/wasi-threads-1.2.1.tgz 0ms (cache hit)
443 http cache @eslint/eslintrc@https://registry.npmjs.org/@eslint/eslintrc/-/eslintrc-3.3.5.tgz 0ms (cache hit)
444 http cache @eslint/core@https://registry.npmjs.org/@eslint/core/-/core-0.17.0.tgz 0ms (cache hit)
445 http cache @emnapi/core@https://registry.npmjs.org/@emnapi/core/-/core-1.10.0.tgz 0ms (cache hit)
446 http cache @emnapi/runtime@https://registry.npmjs.org/@emnapi/runtime/-/runtime-1.10.0.tgz 0ms (cache hit)
447 http cache @babel/helpers@https://registry.npmjs.org/@babel/helpers/-/helpers-7.29.2.tgz 0ms (cache hit)
448 http cache @babel/traverse@https://registry.npmjs.org/@babel/traverse/-/traverse-7.29.0.tgz 0ms (cache hit)
449 http cache @babel/template@https://registry.npmjs.org/@babel/template/-/template-7.28.6.tgz 0ms (cache hit)
450 http cache @bufbuild/protobuf@https://registry.npmjs.org/@bufbuild/protobuf/-/protobuf-1.10.1.tgz 0ms (cache hit)
451 http cache @jridgewell/sourcemap-codec@https://registry.npmjs.org/@jridgewell/sourcemap-codec/-/sourcemap-codec-1.5.5.tgz 0ms (cache hit)
452 http cache @babel/parser@https://registry.npmjs.org/@babel/parser/-/parser-7.29.3.tgz 0ms (cache hit)
453 http cache @babel/types@https://registry.npmjs.org/@babel/types/-/types-7.29.0.tgz 0ms (cache hit)
454 http cache @babel/helper-validator-option@https://registry.npmjs.org/@babel/helper-validator-option/-/helper-validator-option-7.27.1.tgz 0ms (cache hit)
455 http cache @babel/helper-validator-identifier@https://registry.npmjs.org/@babel/helper-validator-identifier/-/helper-validator-identifier-7.28.5.tgz 0ms (cache hit)
456 http cache @babel/helper-string-parser@https://registry.npmjs.org/@babel/helper-string-parser/-/helper-string-parser-7.27.1.tgz 0ms (cache hit)
457 http cache @babel/helper-compilation-targets@https://registry.npmjs.org/@babel/helper-compilation-targets/-/helper-compilation-targets-7.28.6.tgz 0ms (cache hit)
458 http cache @babel/generator@https://registry.npmjs.org/@babel/generator/-/generator-7.29.1.tgz 0ms (cache hit)
459 http cache @babel/compat-data@https://registry.npmjs.org/@babel/compat-data/-/compat-data-7.29.3.tgz 0ms (cache hit)
460 http cache @babel/core@https://registry.npmjs.org/@babel/core/-/core-7.29.0.tgz 0ms (cache hit)
461 http cache zod-validation-error@https://registry.npmjs.org/zod-validation-error/-/zod-validation-error-4.0.2.tgz 0ms (cache hit)
462 http cache @babel/helper-module-imports@https://registry.npmjs.org/@babel/helper-module-imports/-/helper-module-imports-7.28.6.tgz 0ms (cache hit)
463 http cache @babel/code-frame@https://registry.npmjs.org/@babel/code-frame/-/code-frame-7.29.0.tgz 0ms (cache hit)
464 http cache @babel/helper-globals@https://registry.npmjs.org/@babel/helper-globals/-/helper-globals-7.28.0.tgz 0ms (cache hit)
465 http cache yocto-queue@https://registry.npmjs.org/yocto-queue/-/yocto-queue-0.1.0.tgz 0ms (cache hit)
466 http cache @babel/helper-module-transforms@https://registry.npmjs.org/@babel/helper-module-transforms/-/helper-module-transforms-7.28.6.tgz 0ms (cache hit)
467 http cache zod@https://registry.npmjs.org/zod/-/zod-4.4.3.tgz 0ms (cache hit)
468 http cache @alloc/quick-lru@https://registry.npmjs.org/@alloc/quick-lru/-/quick-lru-5.2.0.tgz 0ms (cache hit)
469 http cache word-wrap@https://registry.npmjs.org/word-wrap/-/word-wrap-1.2.5.tgz 0ms (cache hit)
470 http cache which-collection@https://registry.npmjs.org/which-collection/-/which-collection-1.0.2.tgz 0ms (cache hit)
471 http cache which-boxed-primitive@https://registry.npmjs.org/which-boxed-primitive/-/which-boxed-primitive-1.1.1.tgz 0ms (cache hit)
472 http cache uri-js@https://registry.npmjs.org/uri-js/-/uri-js-4.4.1.tgz 0ms (cache hit)
473 http cache which@https://registry.npmjs.org/which/-/which-2.0.2.tgz 0ms (cache hit)
474 http cache which-typed-array@https://registry.npmjs.org/which-typed-array/-/which-typed-array-1.1.20.tgz 0ms (cache hit)
475 http cache yallist@https://registry.npmjs.org/yallist/-/yallist-3.1.1.tgz 0ms (cache hit)
476 http cache which-builtin-type@https://registry.npmjs.org/which-builtin-type/-/which-builtin-type-1.2.1.tgz 0ms (cache hit)
477 http cache webrtc-adapter@https://registry.npmjs.org/webrtc-adapter/-/webrtc-adapter-9.0.5.tgz 0ms (cache hit)
478 http cache undici-types@https://registry.npmjs.org/undici-types/-/undici-types-6.21.0.tgz 0ms (cache hit)
479 http cache typescript-eslint@https://registry.npmjs.org/typescript-eslint/-/typescript-eslint-8.59.4.tgz 0ms (cache hit)
480 http cache unrs-resolver@https://registry.npmjs.org/unrs-resolver/-/unrs-resolver-1.12.2.tgz 0ms (cache hit)
481 http cache usehooks-ts@https://registry.npmjs.org/usehooks-ts/-/usehooks-ts-3.1.1.tgz 0ms (cache hit)
482 http cache unbox-primitive@https://registry.npmjs.org/unbox-primitive/-/unbox-primitive-1.1.0.tgz 0ms (cache hit)
483 http cache typed-emitter@https://registry.npmjs.org/typed-emitter/-/typed-emitter-2.1.0.tgz 0ms (cache hit)
484 http cache typed-array-byte-length@https://registry.npmjs.org/typed-array-byte-length/-/typed-array-byte-length-1.0.3.tgz 0ms (cache hit)
485 http cache typescript@https://registry.npmjs.org/typescript/-/typescript-5.9.3.tgz 0ms (cache hit)
486 http cache typed-array-byte-offset@https://registry.npmjs.org/typed-array-byte-offset/-/typed-array-byte-offset-1.0.4.tgz 0ms (cache hit)
487 http cache update-browserslist-db@https://registry.npmjs.org/update-browserslist-db/-/update-browserslist-db-1.2.3.tgz 0ms (cache hit)
488 http cache tsconfig-paths@https://registry.npmjs.org/tsconfig-paths/-/tsconfig-paths-3.15.0.tgz 0ms (cache hit)
489 http cache typed-array-buffer@https://registry.npmjs.org/typed-array-buffer/-/typed-array-buffer-1.0.3.tgz 0ms (cache hit)
490 http cache to-regex-range@https://registry.npmjs.org/to-regex-range/-/to-regex-range-5.0.1.tgz 0ms (cache hit)
491 http cache tinyglobby@https://registry.npmjs.org/tinyglobby/-/tinyglobby-0.2.16.tgz 0ms (cache hit)
492 http cache typed-array-length@https://registry.npmjs.org/typed-array-length/-/typed-array-length-1.0.7.tgz 0ms (cache hit)
493 http cache type-check@https://registry.npmjs.org/type-check/-/type-check-0.4.0.tgz 0ms (cache hit)
494 http cache tslib@https://registry.npmjs.org/tslib/-/tslib-2.8.1.tgz 0ms (cache hit)
495 http cache tailwindcss@https://registry.npmjs.org/tailwindcss/-/tailwindcss-4.3.0.tgz 0ms (cache hit)
496 http cache tapable@https://registry.npmjs.org/tapable/-/tapable-2.3.3.tgz 0ms (cache hit)
497 http cache supports-color@https://registry.npmjs.org/supports-color/-/supports-color-7.2.0.tgz 0ms (cache hit)
498 http cache styled-jsx@https://registry.npmjs.org/styled-jsx/-/styled-jsx-5.1.6.tgz 0ms (cache hit)
499 http cache tailwind-merge@https://registry.npmjs.org/tailwind-merge/-/tailwind-merge-3.6.0.tgz 0ms (cache hit)
500 http cache supports-preserve-symlinks-flag@https://registry.npmjs.org/supports-preserve-symlinks-flag/-/supports-preserve-symlinks-flag-1.0.0.tgz 0ms (cache hit)
501 http cache strip-json-comments@https://registry.npmjs.org/strip-json-comments/-/strip-json-comments-3.1.1.tgz 0ms (cache hit)
502 http cache string.prototype.trimend@https://registry.npmjs.org/string.prototype.trimend/-/string.prototype.trimend-1.0.9.tgz 0ms (cache hit)
503 http cache string.prototype.trim@https://registry.npmjs.org/string.prototype.trim/-/string.prototype.trim-1.2.10.tgz 0ms (cache hit)
504 http cache string.prototype.trimstart@https://registry.npmjs.org/string.prototype.trimstart/-/string.prototype.trimstart-1.0.8.tgz 0ms (cache hit)
505 http cache strip-bom@https://registry.npmjs.org/strip-bom/-/strip-bom-3.0.0.tgz 0ms (cache hit)
506 http cache stop-iteration-iterator@https://registry.npmjs.org/stop-iteration-iterator/-/stop-iteration-iterator-1.1.0.tgz 0ms (cache hit)
507 http cache string.prototype.matchall@https://registry.npmjs.org/string.prototype.matchall/-/string.prototype.matchall-4.0.12.tgz 0ms (cache hit)
508 http cache string.prototype.repeat@https://registry.npmjs.org/string.prototype.repeat/-/string.prototype.repeat-1.0.0.tgz 0ms (cache hit)
509 http cache source-map-js@https://registry.npmjs.org/source-map-js/-/source-map-js-1.2.1.tgz 0ms (cache hit)
510 http cache stable-hash@https://registry.npmjs.org/stable-hash/-/stable-hash-0.0.5.tgz 0ms (cache hit)
511 http cache side-channel-weakmap@https://registry.npmjs.org/side-channel-weakmap/-/side-channel-weakmap-1.0.2.tgz 0ms (cache hit)
512 http cache string.prototype.includes@https://registry.npmjs.org/string.prototype.includes/-/string.prototype.includes-2.0.1.tgz 0ms (cache hit)
513 http cache side-channel-map@https://registry.npmjs.org/side-channel-map/-/side-channel-map-1.0.1.tgz 0ms (cache hit)
514 http cache shebang-command@https://registry.npmjs.org/shebang-command/-/shebang-command-2.0.0.tgz 0ms (cache hit)
515 http cache side-channel@https://registry.npmjs.org/side-channel/-/side-channel-1.1.0.tgz 0ms (cache hit)
516 http cache ts-api-utils@https://registry.npmjs.org/ts-api-utils/-/ts-api-utils-2.5.0.tgz 0ms (cache hit)
517 http cache side-channel-list@https://registry.npmjs.org/side-channel-list/-/side-channel-list-1.0.1.tgz 0ms (cache hit)
518 http cache set-proto@https://registry.npmjs.org/set-proto/-/set-proto-1.0.0.tgz 0ms (cache hit)
519 http cache shebang-regex@https://registry.npmjs.org/shebang-regex/-/shebang-regex-3.0.0.tgz 0ms (cache hit)
520 http cache set-function-length@https://registry.npmjs.org/set-function-length/-/set-function-length-1.2.2.tgz 0ms (cache hit)
521 http cache sharp@https://registry.npmjs.org/sharp/-/sharp-0.34.5.tgz 0ms (cache hit)
522 http cache semver@https://registry.npmjs.org/semver/-/semver-6.3.1.tgz 0ms (cache hit)
523 http cache scheduler@https://registry.npmjs.org/scheduler/-/scheduler-0.27.0.tgz 0ms (cache hit)
524 http cache sdp@https://registry.npmjs.org/sdp/-/sdp-3.2.2.tgz 0ms (cache hit)
525 http cache safe-regex-test@https://registry.npmjs.org/safe-regex-test/-/safe-regex-test-1.1.0.tgz 0ms (cache hit)
526 http cache sdp-transform@https://registry.npmjs.org/sdp-transform/-/sdp-transform-2.15.0.tgz 0ms (cache hit)
527 http cache safe-push-apply@https://registry.npmjs.org/safe-push-apply/-/safe-push-apply-1.0.0.tgz 0ms (cache hit)
528 http cache safe-array-concat@https://registry.npmjs.org/safe-array-concat/-/safe-array-concat-1.1.4.tgz 0ms (cache hit)
529 http cache set-function-name@https://registry.npmjs.org/set-function-name/-/set-function-name-2.0.2.tgz 0ms (cache hit)
530 http cache reusify@https://registry.npmjs.org/reusify/-/reusify-1.1.0.tgz 0ms (cache hit)
531 http cache run-parallel@https://registry.npmjs.org/run-parallel/-/run-parallel-1.2.0.tgz 0ms (cache hit)
532 http cache reflect.getprototypeof@https://registry.npmjs.org/reflect.getprototypeof/-/reflect.getprototypeof-1.0.10.tgz 0ms (cache hit)
533 http cache react-dom@https://registry.npmjs.org/react-dom/-/react-dom-19.2.4.tgz 0ms (cache hit)
534 http cache resolve-pkg-maps@https://registry.npmjs.org/resolve-pkg-maps/-/resolve-pkg-maps-1.0.0.tgz 0ms (cache hit)
535 http cache resolve-from@https://registry.npmjs.org/resolve-from/-/resolve-from-4.0.0.tgz 0ms (cache hit)
536 http cache rxjs@https://registry.npmjs.org/rxjs/-/rxjs-7.8.2.tgz 0ms (cache hit)
537 http cache resolve@https://registry.npmjs.org/resolve/-/resolve-2.0.0-next.7.tgz 0ms (cache hit)
538 http cache regexp.prototype.flags@https://registry.npmjs.org/regexp.prototype.flags/-/regexp.prototype.flags-1.5.4.tgz 0ms (cache hit)
539 http cache punycode@https://registry.npmjs.org/punycode/-/punycode-2.3.1.tgz 0ms (cache hit)
540 http cache postcss@https://registry.npmjs.org/postcss/-/postcss-8.5.15.tgz 0ms (cache hit)
541 http cache prop-types@https://registry.npmjs.org/prop-types/-/prop-types-15.8.1.tgz 0ms (cache hit)
542 http cache queue-microtask@https://registry.npmjs.org/queue-microtask/-/queue-microtask-1.2.3.tgz 0ms (cache hit)
543 http cache react-is@https://registry.npmjs.org/react-is/-/react-is-16.13.1.tgz 0ms (cache hit)
544 http cache possible-typed-array-names@https://registry.npmjs.org/possible-typed-array-names/-/possible-typed-array-names-1.1.0.tgz 0ms (cache hit)
545 http cache picomatch@https://registry.npmjs.org/picomatch/-/picomatch-2.3.2.tgz 0ms (cache hit)
546 http cache path-parse@https://registry.npmjs.org/path-parse/-/path-parse-1.0.7.tgz 0ms (cache hit)
547 http cache prelude-ls@https://registry.npmjs.org/prelude-ls/-/prelude-ls-1.2.1.tgz 0ms (cache hit)
548 http cache picocolors@https://registry.npmjs.org/picocolors/-/picocolors-1.1.1.tgz 0ms (cache hit)
549 http cache path-key@https://registry.npmjs.org/path-key/-/path-key-3.1.1.tgz 0ms (cache hit)
550 http cache path-exists@https://registry.npmjs.org/path-exists/-/path-exists-4.0.0.tgz 0ms (cache hit)
551 http cache p-locate@https://registry.npmjs.org/p-locate/-/p-locate-5.0.0.tgz 0ms (cache hit)
552 http cache parent-module@https://registry.npmjs.org/parent-module/-/parent-module-1.0.1.tgz 0ms (cache hit)
553 http cache object.fromentries@https://registry.npmjs.org/object.fromentries/-/object.fromentries-2.0.8.tgz 0ms (cache hit)
554 http cache p-limit@https://registry.npmjs.org/p-limit/-/p-limit-3.1.0.tgz 0ms (cache hit)
555 http cache own-keys@https://registry.npmjs.org/own-keys/-/own-keys-1.0.1.tgz 0ms (cache hit)
556 http cache object.values@https://registry.npmjs.org/object.values/-/object.values-1.2.1.tgz 0ms (cache hit)
557 http cache optionator@https://registry.npmjs.org/optionator/-/optionator-0.9.4.tgz 0ms (cache hit)
558 http cache object.entries@https://registry.npmjs.org/object.entries/-/object.entries-1.1.9.tgz 0ms (cache hit)
559 http cache react@https://registry.npmjs.org/react/-/react-19.2.4.tgz 0ms (cache hit)
560 http cache object.assign@https://registry.npmjs.org/object.assign/-/object.assign-4.1.7.tgz 0ms (cache hit)
561 http cache object.groupby@https://registry.npmjs.org/object.groupby/-/object.groupby-1.0.3.tgz 0ms (cache hit)
562 http cache node-exports-info@https://registry.npmjs.org/node-exports-info/-/node-exports-info-1.6.0.tgz 0ms (cache hit)
563 http cache object-assign@https://registry.npmjs.org/object-assign/-/object-assign-4.1.1.tgz 0ms (cache hit)
564 http cache object-inspect@https://registry.npmjs.org/object-inspect/-/object-inspect-1.13.4.tgz 0ms (cache hit)
565 http cache object-keys@https://registry.npmjs.org/object-keys/-/object-keys-1.1.1.tgz 0ms (cache hit)
566 http cache natural-compare@https://registry.npmjs.org/natural-compare/-/natural-compare-1.4.0.tgz 0ms (cache hit)
567 http cache node-releases@https://registry.npmjs.org/node-releases/-/node-releases-2.0.44.tgz 0ms (cache hit)
568 http cache nanoid@https://registry.npmjs.org/nanoid/-/nanoid-3.3.12.tgz 0ms (cache hit)
569 http cache minimist@https://registry.npmjs.org/minimist/-/minimist-1.2.8.tgz 0ms (cache hit)
570 http cache minimatch@https://registry.npmjs.org/minimatch/-/minimatch-3.1.5.tgz 0ms (cache hit)
571 http cache merge2@https://registry.npmjs.org/merge2/-/merge2-1.4.1.tgz 0ms (cache hit)
572 http cache micromatch@https://registry.npmjs.org/micromatch/-/micromatch-4.0.8.tgz 0ms (cache hit)
573 http cache napi-postinstall@https://registry.npmjs.org/napi-postinstall/-/napi-postinstall-0.3.4.tgz 0ms (cache hit)
574 http cache math-intrinsics@https://registry.npmjs.org/math-intrinsics/-/math-intrinsics-1.1.0.tgz 0ms (cache hit)
575 http cache next@https://registry.npmjs.org/next/-/next-16.2.6.tgz 0ms (cache hit)
576 http cache magic-string@https://registry.npmjs.org/magic-string/-/magic-string-0.30.21.tgz 0ms (cache hit)
577 http cache lucide-react@https://registry.npmjs.org/lucide-react/-/lucide-react-1.16.0.tgz 0ms (cache hit)
578 http cache loose-envify@https://registry.npmjs.org/loose-envify/-/loose-envify-1.4.0.tgz 0ms (cache hit)
579 http cache lodash.merge@https://registry.npmjs.org/lodash.merge/-/lodash.merge-4.6.2.tgz 0ms (cache hit)
580 http cache loglevel@https://registry.npmjs.org/loglevel/-/loglevel-1.9.1.tgz 0ms (cache hit)
581 http cache lru-cache@https://registry.npmjs.org/lru-cache/-/lru-cache-5.1.1.tgz 0ms (cache hit)
582 http cache lodash.debounce@https://registry.npmjs.org/lodash.debounce/-/lodash.debounce-4.0.8.tgz 0ms (cache hit)
583 http cache livekit-client@https://registry.npmjs.org/livekit-client/-/livekit-client-2.19.0.tgz 0ms (cache hit)
584 http cache ms@https://registry.npmjs.org/ms/-/ms-2.1.3.tgz 0ms (cache hit)
585 http cache levn@https://registry.npmjs.org/levn/-/levn-0.4.1.tgz 0ms (cache hit)
586 http cache language-subtag-registry@https://registry.npmjs.org/language-subtag-registry/-/language-subtag-registry-0.3.23.tgz 0ms (cache hit)
587 http cache locate-path@https://registry.npmjs.org/locate-path/-/locate-path-6.0.0.tgz 0ms (cache hit)
588 http cache keyv@https://registry.npmjs.org/keyv/-/keyv-4.5.4.tgz 0ms (cache hit)
589 http cache lightningcss@https://registry.npmjs.org/lightningcss/-/lightningcss-1.32.0.tgz 0ms (cache hit)
590 http cache language-tags@https://registry.npmjs.org/language-tags/-/language-tags-1.0.9.tgz 0ms (cache hit)
591 http cache jsx-ast-utils@https://registry.npmjs.org/jsx-ast-utils/-/jsx-ast-utils-3.3.5.tgz 0ms (cache hit)
592 http cache json5@https://registry.npmjs.org/json5/-/json5-2.2.3.tgz 0ms (cache hit)
593 http cache jsesc@https://registry.npmjs.org/jsesc/-/jsesc-3.1.0.tgz 0ms (cache hit)
594 http cache lightningcss-darwin-arm64@https://registry.npmjs.org/lightningcss-darwin-arm64/-/lightningcss-darwin-arm64-1.32.0.tgz 0ms (cache hit)
595 http cache json-stable-stringify-without-jsonify@https://registry.npmjs.org/json-stable-stringify-without-jsonify/-/json-stable-stringify-without-jsonify-1.0.1.tgz 0ms (cache hit)
596 http cache js-yaml@https://registry.npmjs.org/js-yaml/-/js-yaml-4.1.1.tgz 0ms (cache hit)
597 http cache json-schema-traverse@https://registry.npmjs.org/json-schema-traverse/-/json-schema-traverse-0.4.1.tgz 0ms (cache hit)
598 http cache jiti@https://registry.npmjs.org/jiti/-/jiti-2.7.0.tgz 0ms (cache hit)
599 http cache jose@https://registry.npmjs.org/jose/-/jose-6.2.3.tgz 0ms (cache hit)
600 http cache isexe@https://registry.npmjs.org/isexe/-/isexe-2.0.0.tgz 0ms (cache hit)
601 http cache js-tokens@https://registry.npmjs.org/js-tokens/-/js-tokens-4.0.0.tgz 0ms (cache hit)
602 http cache is-weakset@https://registry.npmjs.org/is-weakset/-/is-weakset-2.0.4.tgz 0ms (cache hit)
603 http cache iterator.prototype@https://registry.npmjs.org/iterator.prototype/-/iterator.prototype-1.1.5.tgz 0ms (cache hit)
604 http cache is-weakref@https://registry.npmjs.org/is-weakref/-/is-weakref-1.1.1.tgz 0ms (cache hit)
605 http cache is-weakmap@https://registry.npmjs.org/is-weakmap/-/is-weakmap-2.0.2.tgz 0ms (cache hit)
606 http cache is-symbol@https://registry.npmjs.org/is-symbol/-/is-symbol-1.1.1.tgz 0ms (cache hit)
607 http cache is-string@https://registry.npmjs.org/is-string/-/is-string-1.1.1.tgz 0ms (cache hit)
608 http cache is-shared-array-buffer@https://registry.npmjs.org/is-shared-array-buffer/-/is-shared-array-buffer-1.0.4.tgz 0ms (cache hit)
609 http cache is-typed-array@https://registry.npmjs.org/is-typed-array/-/is-typed-array-1.1.15.tgz 0ms (cache hit)
610 http cache json-buffer@https://registry.npmjs.org/json-buffer/-/json-buffer-3.0.1.tgz 0ms (cache hit)
611 http cache isarray@https://registry.npmjs.org/isarray/-/isarray-2.0.5.tgz 0ms (cache hit)
612 http cache is-regex@https://registry.npmjs.org/is-regex/-/is-regex-1.2.1.tgz 0ms (cache hit)
613 http cache is-set@https://registry.npmjs.org/is-set/-/is-set-2.0.3.tgz 0ms (cache hit)
614 http cache is-map@https://registry.npmjs.org/is-map/-/is-map-2.0.3.tgz 0ms (cache hit)
615 http cache is-number@https://registry.npmjs.org/is-number/-/is-number-7.0.0.tgz 0ms (cache hit)
616 http cache is-generator-function@https://registry.npmjs.org/is-generator-function/-/is-generator-function-1.1.2.tgz 0ms (cache hit)
617 http cache is-number-object@https://registry.npmjs.org/is-number-object/-/is-number-object-1.1.1.tgz 0ms (cache hit)
618 http cache is-negative-zero@https://registry.npmjs.org/is-negative-zero/-/is-negative-zero-2.0.3.tgz 0ms (cache hit)
619 http cache is-finalizationregistry@https://registry.npmjs.org/is-finalizationregistry/-/is-finalizationregistry-1.1.1.tgz 0ms (cache hit)
620 http cache is-glob@https://registry.npmjs.org/is-glob/-/is-glob-4.0.3.tgz 0ms (cache hit)
621 http cache is-boolean-object@https://registry.npmjs.org/is-boolean-object/-/is-boolean-object-1.2.2.tgz 0ms (cache hit)
622 http cache is-bun-module@https://registry.npmjs.org/is-bun-module/-/is-bun-module-2.0.0.tgz 0ms (cache hit)
623 http cache is-extglob@https://registry.npmjs.org/is-extglob/-/is-extglob-2.1.1.tgz 0ms (cache hit)
624 http cache is-core-module@https://registry.npmjs.org/is-core-module/-/is-core-module-2.16.2.tgz 0ms (cache hit)
625 http cache is-bigint@https://registry.npmjs.org/is-bigint/-/is-bigint-1.1.0.tgz 0ms (cache hit)
626 http cache is-data-view@https://registry.npmjs.org/is-data-view/-/is-data-view-1.0.2.tgz 0ms (cache hit)
627 http cache is-date-object@https://registry.npmjs.org/is-date-object/-/is-date-object-1.1.0.tgz 0ms (cache hit)
628 http cache is-async-function@https://registry.npmjs.org/is-async-function/-/is-async-function-2.1.1.tgz 0ms (cache hit)
629 http cache is-array-buffer@https://registry.npmjs.org/is-array-buffer/-/is-array-buffer-3.0.5.tgz 0ms (cache hit)
630 http cache is-callable@https://registry.npmjs.org/is-callable/-/is-callable-1.2.7.tgz 0ms (cache hit)
631 http cache imurmurhash@https://registry.npmjs.org/imurmurhash/-/imurmurhash-0.1.4.tgz 0ms (cache hit)
632 http cache hermes-estree@https://registry.npmjs.org/hermes-estree/-/hermes-estree-0.25.1.tgz 0ms (cache hit)
633 http cache import-fresh@https://registry.npmjs.org/import-fresh/-/import-fresh-3.3.1.tgz 0ms (cache hit)
634 http cache internal-slot@https://registry.npmjs.org/internal-slot/-/internal-slot-1.1.0.tgz 0ms (cache hit)
635 http cache has-tostringtag@https://registry.npmjs.org/has-tostringtag/-/has-tostringtag-1.0.2.tgz 0ms (cache hit)
636 http cache has-proto@https://registry.npmjs.org/has-proto/-/has-proto-1.2.0.tgz 0ms (cache hit)
637 http cache has-property-descriptors@https://registry.npmjs.org/has-property-descriptors/-/has-property-descriptors-1.0.2.tgz 0ms (cache hit)
638 http cache ignore@https://registry.npmjs.org/ignore/-/ignore-5.3.2.tgz 0ms (cache hit)
639 http cache has-flag@https://registry.npmjs.org/has-flag/-/has-flag-4.0.0.tgz 0ms (cache hit)
640 http cache has-symbols@https://registry.npmjs.org/has-symbols/-/has-symbols-1.1.0.tgz 0ms (cache hit)
641 http cache has-bigints@https://registry.npmjs.org/has-bigints/-/has-bigints-1.1.0.tgz 0ms (cache hit)
642 http cache graceful-fs@https://registry.npmjs.org/graceful-fs/-/graceful-fs-4.2.11.tgz 0ms (cache hit)
643 http cache hasown@https://registry.npmjs.org/hasown/-/hasown-2.0.3.tgz 0ms (cache hit)
644 http cache get-tsconfig@https://registry.npmjs.org/get-tsconfig/-/get-tsconfig-4.14.0.tgz 0ms (cache hit)
645 http cache glob-parent@https://registry.npmjs.org/glob-parent/-/glob-parent-6.0.2.tgz 0ms (cache hit)
646 http cache gopd@https://registry.npmjs.org/gopd/-/gopd-1.2.0.tgz 0ms (cache hit)
647 http cache globals@https://registry.npmjs.org/globals/-/globals-14.0.0.tgz 0ms (cache hit)
648 http cache get-proto@https://registry.npmjs.org/get-proto/-/get-proto-1.0.1.tgz 0ms (cache hit)
649 http cache globalthis@https://registry.npmjs.org/globalthis/-/globalthis-1.0.4.tgz 0ms (cache hit)
650 http cache get-symbol-description@https://registry.npmjs.org/get-symbol-description/-/get-symbol-description-1.1.0.tgz 0ms (cache hit)
651 http cache gensync@https://registry.npmjs.org/gensync/-/gensync-1.0.0-beta.2.tgz 0ms (cache hit)
652 http cache get-intrinsic@https://registry.npmjs.org/get-intrinsic/-/get-intrinsic-1.3.0.tgz 0ms (cache hit)
653 http cache functions-have-names@https://registry.npmjs.org/functions-have-names/-/functions-have-names-1.2.3.tgz 0ms (cache hit)
654 http cache generator-function@https://registry.npmjs.org/generator-function/-/generator-function-2.0.1.tgz 0ms (cache hit)
655 http cache function-bind@https://registry.npmjs.org/function-bind/-/function-bind-1.1.2.tgz 0ms (cache hit)
656 http cache for-each@https://registry.npmjs.org/for-each/-/for-each-0.3.5.tgz 0ms (cache hit)
657 http cache flat-cache@https://registry.npmjs.org/flat-cache/-/flat-cache-4.0.1.tgz 0ms (cache hit)
658 http cache flatted@https://registry.npmjs.org/flatted/-/flatted-3.4.2.tgz 0ms (cache hit)
659 http cache function.prototype.name@https://registry.npmjs.org/function.prototype.name/-/function.prototype.name-1.1.8.tgz 0ms (cache hit)
660 http cache fill-range@https://registry.npmjs.org/fill-range/-/fill-range-7.1.1.tgz 0ms (cache hit)
661 http cache fastq@https://registry.npmjs.org/fastq/-/fastq-1.20.1.tgz 0ms (cache hit)
662 http cache find-up@https://registry.npmjs.org/find-up/-/find-up-5.0.0.tgz 0ms (cache hit)
663 http cache esrecurse@https://registry.npmjs.org/esrecurse/-/esrecurse-4.3.0.tgz 0ms (cache hit)
664 http cache fast-glob@https://registry.npmjs.org/fast-glob/-/fast-glob-3.3.1.tgz 0ms (cache hit)
665 http cache fast-json-stable-stringify@https://registry.npmjs.org/fast-json-stable-stringify/-/fast-json-stable-stringify-2.1.0.tgz 0ms (cache hit)
666 http cache hermes-parser@https://registry.npmjs.org/hermes-parser/-/hermes-parser-0.25.1.tgz 0ms (cache hit)
667 http cache events@https://registry.npmjs.org/events/-/events-3.3.0.tgz 0ms (cache hit)
668 http cache esutils@https://registry.npmjs.org/esutils/-/esutils-2.0.3.tgz 0ms (cache hit)
669 http cache eslint-visitor-keys@https://registry.npmjs.org/eslint-visitor-keys/-/eslint-visitor-keys-4.2.1.tgz 0ms (cache hit)
670 http cache estraverse@https://registry.npmjs.org/estraverse/-/estraverse-5.3.0.tgz 0ms (cache hit)
671 http cache espree@https://registry.npmjs.org/espree/-/espree-10.4.0.tgz 0ms (cache hit)
672 http cache esquery@https://registry.npmjs.org/esquery/-/esquery-1.7.0.tgz 0ms (cache hit)
673 http cache fast-deep-equal@https://registry.npmjs.org/fast-deep-equal/-/fast-deep-equal-3.1.3.tgz 0ms (cache hit)
674 http cache eslint-module-utils@https://registry.npmjs.org/eslint-module-utils/-/eslint-module-utils-2.12.1.tgz 0ms (cache hit)
675 http cache eslint-plugin-jsx-a11y@https://registry.npmjs.org/eslint-plugin-jsx-a11y/-/eslint-plugin-jsx-a11y-6.10.2.tgz 0ms (cache hit)
676 http cache eslint-config-next@https://registry.npmjs.org/eslint-config-next/-/eslint-config-next-16.2.6.tgz 0ms (cache hit)
677 http cache eslint-scope@https://registry.npmjs.org/eslint-scope/-/eslint-scope-8.4.0.tgz 0ms (cache hit)
678 http cache eslint@https://registry.npmjs.org/eslint/-/eslint-9.39.4.tgz 0ms (cache hit)
679 http cache eslint-import-resolver-node@https://registry.npmjs.org/eslint-import-resolver-node/-/eslint-import-resolver-node-0.3.10.tgz 0ms (cache hit)
680 http cache eslint-plugin-import@https://registry.npmjs.org/eslint-plugin-import/-/eslint-plugin-import-2.32.0.tgz 0ms (cache hit)
681 http cache eslint-import-resolver-typescript@https://registry.npmjs.org/eslint-import-resolver-typescript/-/eslint-import-resolver-typescript-3.10.1.tgz 0ms (cache hit)
682 http cache escalade@https://registry.npmjs.org/escalade/-/escalade-3.2.0.tgz 0ms (cache hit)
683 http cache eslint-plugin-react@https://registry.npmjs.org/eslint-plugin-react/-/eslint-plugin-react-7.37.5.tgz 0ms (cache hit)
684 http cache define-data-property@https://registry.npmjs.org/define-data-property/-/define-data-property-1.1.4.tgz 0ms (cache hit)
685 http cache es-to-primitive@https://registry.npmjs.org/es-to-primitive/-/es-to-primitive-1.3.0.tgz 0ms (cache hit)
686 http cache fast-levenshtein@https://registry.npmjs.org/fast-levenshtein/-/fast-levenshtein-2.0.6.tgz 0ms (cache hit)
687 http cache es-object-atoms@https://registry.npmjs.org/es-object-atoms/-/es-object-atoms-1.1.1.tgz 0ms (cache hit)
688 http cache file-entry-cache@https://registry.npmjs.org/file-entry-cache/-/file-entry-cache-8.0.0.tgz 0ms (cache hit)
689 http cache eslint-plugin-react-hooks@https://registry.npmjs.org/eslint-plugin-react-hooks/-/eslint-plugin-react-hooks-7.1.1.tgz 0ms (cache hit)
690 http cache es-shim-unscopables@https://registry.npmjs.org/es-shim-unscopables/-/es-shim-unscopables-1.1.0.tgz 0ms (cache hit)
691 http cache es-set-tostringtag@https://registry.npmjs.org/es-set-tostringtag/-/es-set-tostringtag-2.1.0.tgz 0ms (cache hit)
692 http cache es-iterator-helpers@https://registry.npmjs.org/es-iterator-helpers/-/es-iterator-helpers-1.3.2.tgz 0ms (cache hit)
693 http cache es-define-property@https://registry.npmjs.org/es-define-property/-/es-define-property-1.0.1.tgz 0ms (cache hit)
694 http cache electron-to-chromium@https://registry.npmjs.org/electron-to-chromium/-/electron-to-chromium-1.5.360.tgz 0ms (cache hit)
695 http cache es-abstract@https://registry.npmjs.org/es-abstract/-/es-abstract-1.24.2.tgz 0ms (cache hit)
696 http cache dunder-proto@https://registry.npmjs.org/dunder-proto/-/dunder-proto-1.0.1.tgz 0ms (cache hit)
697 http cache emoji-regex@https://registry.npmjs.org/emoji-regex/-/emoji-regex-9.2.2.tgz 0ms (cache hit)
698 http cache doctrine@https://registry.npmjs.org/doctrine/-/doctrine-2.1.0.tgz 0ms (cache hit)
699 http cache detect-libc@https://registry.npmjs.org/detect-libc/-/detect-libc-2.1.2.tgz 0ms (cache hit)
700 http cache enhanced-resolve@https://registry.npmjs.org/enhanced-resolve/-/enhanced-resolve-5.21.6.tgz 0ms (cache hit)
701 http cache define-properties@https://registry.npmjs.org/define-properties/-/define-properties-1.2.1.tgz 0ms (cache hit)
702 http cache deep-is@https://registry.npmjs.org/deep-is/-/deep-is-0.1.4.tgz 0ms (cache hit)
703 http cache es-errors@https://registry.npmjs.org/es-errors/-/es-errors-1.3.0.tgz 0ms (cache hit)
704 http cache data-view-buffer@https://registry.npmjs.org/data-view-buffer/-/data-view-buffer-1.0.2.tgz 0ms (cache hit)
705 http cache data-view-byte-length@https://registry.npmjs.org/data-view-byte-length/-/data-view-byte-length-1.0.2.tgz 0ms (cache hit)
706 http cache data-view-byte-offset@https://registry.npmjs.org/data-view-byte-offset/-/data-view-byte-offset-1.0.1.tgz 0ms (cache hit)
707 http cache convert-source-map@https://registry.npmjs.org/convert-source-map/-/convert-source-map-2.0.0.tgz 0ms (cache hit)
708 http cache csstype@https://registry.npmjs.org/csstype/-/csstype-3.2.3.tgz 0ms (cache hit)
709 http cache cross-spawn@https://registry.npmjs.org/cross-spawn/-/cross-spawn-7.0.6.tgz 0ms (cache hit)
710 http cache damerau-levenshtein@https://registry.npmjs.org/damerau-levenshtein/-/damerau-levenshtein-1.0.8.tgz 0ms (cache hit)
711 http cache color-convert@https://registry.npmjs.org/color-convert/-/color-convert-2.0.1.tgz 0ms (cache hit)
712 http cache color-name@https://registry.npmjs.org/color-name/-/color-name-1.1.4.tgz 0ms (cache hit)
713 http cache debug@https://registry.npmjs.org/debug/-/debug-4.4.3.tgz 0ms (cache hit)
714 http cache chalk@https://registry.npmjs.org/chalk/-/chalk-4.1.2.tgz 0ms (cache hit)
715 http cache clsx@https://registry.npmjs.org/clsx/-/clsx-2.1.1.tgz 0ms (cache hit)
716 http cache client-only@https://registry.npmjs.org/client-only/-/client-only-0.0.1.tgz 0ms (cache hit)
717 http cache caniuse-lite@https://registry.npmjs.org/caniuse-lite/-/caniuse-lite-1.0.30001793.tgz 0ms (cache hit)
718 http cache callsites@https://registry.npmjs.org/callsites/-/callsites-3.1.0.tgz 0ms (cache hit)
719 http cache call-bind-apply-helpers@https://registry.npmjs.org/call-bind-apply-helpers/-/call-bind-apply-helpers-1.0.2.tgz 0ms (cache hit)
720 http cache brace-expansion@https://registry.npmjs.org/brace-expansion/-/brace-expansion-1.1.14.tgz 0ms (cache hit)
721 http cache call-bound@https://registry.npmjs.org/call-bound/-/call-bound-1.0.4.tgz 0ms (cache hit)
722 http cache browserslist@https://registry.npmjs.org/browserslist/-/browserslist-4.28.2.tgz 0ms (cache hit)
723 http cache braces@https://registry.npmjs.org/braces/-/braces-3.0.3.tgz 0ms (cache hit)
724 http cache escape-string-regexp@https://registry.npmjs.org/escape-string-regexp/-/escape-string-regexp-4.0.0.tgz 0ms (cache hit)
725 http cache baseline-browser-mapping@https://registry.npmjs.org/baseline-browser-mapping/-/baseline-browser-mapping-2.10.31.tgz 0ms (cache hit)
726 http cache axe-core@https://registry.npmjs.org/axe-core/-/axe-core-4.11.4.tgz 0ms (cache hit)
727 http cache axobject-query@https://registry.npmjs.org/axobject-query/-/axobject-query-4.1.0.tgz 0ms (cache hit)
728 http cache async-function@https://registry.npmjs.org/async-function/-/async-function-1.0.0.tgz 0ms (cache hit)
729 http cache available-typed-arrays@https://registry.npmjs.org/available-typed-arrays/-/available-typed-arrays-1.0.7.tgz 0ms (cache hit)
730 http cache balanced-match@https://registry.npmjs.org/balanced-match/-/balanced-match-1.0.2.tgz 0ms (cache hit)
731 http cache ast-types-flow@https://registry.npmjs.org/ast-types-flow/-/ast-types-flow-0.0.8.tgz 0ms (cache hit)
732 http cache array.prototype.flatmap@https://registry.npmjs.org/array.prototype.flatmap/-/array.prototype.flatmap-1.3.3.tgz 0ms (cache hit)
733 http cache array.prototype.flat@https://registry.npmjs.org/array.prototype.flat/-/array.prototype.flat-1.3.3.tgz 0ms (cache hit)
734 http cache concat-map@https://registry.npmjs.org/concat-map/-/concat-map-0.0.1.tgz 0ms (cache hit)
735 http cache call-bind@https://registry.npmjs.org/call-bind/-/call-bind-1.0.9.tgz 0ms (cache hit)
736 http cache array.prototype.findlastindex@https://registry.npmjs.org/array.prototype.findlastindex/-/array.prototype.findlastindex-1.2.6.tgz 0ms (cache hit)
737 http cache arraybuffer.prototype.slice@https://registry.npmjs.org/arraybuffer.prototype.slice/-/arraybuffer.prototype.slice-1.0.4.tgz 0ms (cache hit)
738 http cache array-includes@https://registry.npmjs.org/array-includes/-/array-includes-3.1.9.tgz 0ms (cache hit)
739 http cache array-buffer-byte-length@https://registry.npmjs.org/array-buffer-byte-length/-/array-buffer-byte-length-1.0.2.tgz 0ms (cache hit)
740 http cache array.prototype.tosorted@https://registry.npmjs.org/array.prototype.tosorted/-/array.prototype.tosorted-1.1.4.tgz 0ms (cache hit)
741 http cache ansi-styles@https://registry.npmjs.org/ansi-styles/-/ansi-styles-4.3.0.tgz 0ms (cache hit)
742 http cache ajv@https://registry.npmjs.org/ajv/-/ajv-6.15.0.tgz 0ms (cache hit)
743 http cache array.prototype.findlast@https://registry.npmjs.org/array.prototype.findlast/-/array.prototype.findlast-1.2.5.tgz 0ms (cache hit)
744 http cache acorn@https://registry.npmjs.org/acorn/-/acorn-8.16.0.tgz 0ms (cache hit)
745 http cache aria-query@https://registry.npmjs.org/aria-query/-/aria-query-5.3.2.tgz 0ms (cache hit)
746 http cache acorn-jsx@https://registry.npmjs.org/acorn-jsx/-/acorn-jsx-5.3.2.tgz 0ms (cache hit)
747 http cache semver@https://registry.npmjs.org/semver/-/semver-7.8.0.tgz 0ms (cache hit)
748 http cache brace-expansion@https://registry.npmjs.org/brace-expansion/-/brace-expansion-5.0.6.tgz 0ms (cache hit)
749 http cache eslint-visitor-keys@https://registry.npmjs.org/eslint-visitor-keys/-/eslint-visitor-keys-5.0.1.tgz 0ms (cache hit)
750 http cache fdir@https://registry.npmjs.org/fdir/-/fdir-6.5.0.tgz 0ms (cache hit)
751 http cache argparse@https://registry.npmjs.org/argparse/-/argparse-2.0.1.tgz 0ms (cache hit)
752 http cache picomatch@https://registry.npmjs.org/picomatch/-/picomatch-4.0.4.tgz 0ms (cache hit)
753 http cache semver@https://registry.npmjs.org/semver/-/semver-7.8.0.tgz 0ms (cache hit)
754 http cache eslint-visitor-keys@https://registry.npmjs.org/eslint-visitor-keys/-/eslint-visitor-keys-3.4.3.tgz 0ms (cache hit)
755 http cache json5@https://registry.npmjs.org/json5/-/json5-1.0.2.tgz 0ms (cache hit)
756 http cache semver@https://registry.npmjs.org/semver/-/semver-7.8.0.tgz 0ms (cache hit)
757 http cache glob-parent@https://registry.npmjs.org/glob-parent/-/glob-parent-5.1.2.tgz 0ms (cache hit)
758 http cache minimatch@https://registry.npmjs.org/minimatch/-/minimatch-10.2.5.tgz 0ms (cache hit)
759 http cache ignore@https://registry.npmjs.org/ignore/-/ignore-7.0.5.tgz 0ms (cache hit)
760 http cache debug@https://registry.npmjs.org/debug/-/debug-3.2.7.tgz 0ms (cache hit)
761 http cache debug@https://registry.npmjs.org/debug/-/debug-3.2.7.tgz 0ms (cache hit)
762 http cache globals@https://registry.npmjs.org/globals/-/globals-16.4.0.tgz 0ms (cache hit)
763 http cache loglevel@https://registry.npmjs.org/loglevel/-/loglevel-1.9.2.tgz 0ms (cache hit)
764 http cache postcss@https://registry.npmjs.org/postcss/-/postcss-8.4.31.tgz 0ms (cache hit)
765 http cache debug@https://registry.npmjs.org/debug/-/debug-3.2.7.tgz 0ms (cache hit)
766 silly tarball no local data for @typescript-eslint/typescript-estree@https://registry.npmjs.org/@typescript-eslint/typescript-estree/-/typescript-estree-8.59.4.tgz. Extracting by manifest.
767 silly tarball no local data for @unrs/resolver-binding-darwin-arm64@https://registry.npmjs.org/@unrs/resolver-binding-darwin-arm64/-/resolver-binding-darwin-arm64-1.12.2.tgz. Extracting by manifest.
768 silly tarball no local data for @typescript-eslint/tsconfig-utils@https://registry.npmjs.org/@typescript-eslint/tsconfig-utils/-/tsconfig-utils-8.59.4.tgz. Extracting by manifest.
769 silly tarball no local data for @typescript-eslint/parser@https://registry.npmjs.org/@typescript-eslint/parser/-/parser-8.59.4.tgz. Extracting by manifest.
770 silly tarball no local data for @typescript-eslint/scope-manager@https://registry.npmjs.org/@typescript-eslint/scope-manager/-/scope-manager-8.59.4.tgz. Extracting by manifest.
771 silly tarball no local data for @typescript-eslint/type-utils@https://registry.npmjs.org/@typescript-eslint/type-utils/-/type-utils-8.59.4.tgz. Extracting by manifest.
772 silly tarball no local data for @typescript-eslint/utils@https://registry.npmjs.org/@typescript-eslint/utils/-/utils-8.59.4.tgz. Extracting by manifest.
773 silly tarball no local data for @types/react-dom@https://registry.npmjs.org/@types/react-dom/-/react-dom-19.2.3.tgz. Extracting by manifest.
774 silly tarball no local data for @types/json5@https://registry.npmjs.org/@types/json5/-/json5-0.0.29.tgz. Extracting by manifest.
775 silly tarball no local data for @typescript-eslint/project-service@https://registry.npmjs.org/@typescript-eslint/project-service/-/project-service-8.59.4.tgz. Extracting by manifest.
776 silly tarball no local data for @types/estree@https://registry.npmjs.org/@types/estree/-/estree-1.0.9.tgz. Extracting by manifest.
777 silly tarball no local data for @typescript-eslint/eslint-plugin@https://registry.npmjs.org/@typescript-eslint/eslint-plugin/-/eslint-plugin-8.59.4.tgz. Extracting by manifest.
778 http cache balanced-match@https://registry.npmjs.org/balanced-match/-/balanced-match-4.0.4.tgz 0ms (cache hit)
779 silly tarball no local data for @types/node@https://registry.npmjs.org/@types/node/-/node-20.19.41.tgz. Extracting by manifest.
780 silly tarball no local data for @types/json-schema@https://registry.npmjs.org/@types/json-schema/-/json-schema-7.0.15.tgz. Extracting by manifest.
781 silly tarball no local data for @types/react@https://registry.npmjs.org/@types/react/-/react-19.2.15.tgz. Extracting by manifest.
782 silly tarball no local data for @types/dom-mediacapture-record@https://registry.npmjs.org/@types/dom-mediacapture-record/-/dom-mediacapture-record-1.0.22.tgz. Extracting by manifest.
783 silly tarball no local data for @tailwindcss/oxide@https://registry.npmjs.org/@tailwindcss/oxide/-/oxide-4.3.0.tgz. Extracting by manifest.
784 silly tarball no local data for @tailwindcss/postcss@https://registry.npmjs.org/@tailwindcss/postcss/-/postcss-4.3.0.tgz. Extracting by manifest.
785 silly tarball no local data for @tailwindcss/node@https://registry.npmjs.org/@tailwindcss/node/-/node-4.3.0.tgz. Extracting by manifest.
786 silly tarball no local data for @typescript-eslint/types@https://registry.npmjs.org/@typescript-eslint/types/-/types-8.59.4.tgz. Extracting by manifest.
787 silly tarball no local data for @nodelib/fs.walk@https://registry.npmjs.org/@nodelib/fs.walk/-/fs.walk-1.2.8.tgz. Extracting by manifest.
788 silly tarball no local data for @tailwindcss/oxide-darwin-arm64@https://registry.npmjs.org/@tailwindcss/oxide-darwin-arm64/-/oxide-darwin-arm64-4.3.0.tgz. Extracting by manifest.
789 silly tarball no local data for @swc/helpers@https://registry.npmjs.org/@swc/helpers/-/helpers-0.5.15.tgz. Extracting by manifest.
790 silly tarball no local data for @rtsao/scc@https://registry.npmjs.org/@rtsao/scc/-/scc-1.1.0.tgz. Extracting by manifest.
791 silly tarball no local data for @tybys/wasm-util@https://registry.npmjs.org/@tybys/wasm-util/-/wasm-util-0.10.2.tgz. Extracting by manifest.
792 silly tarball no local data for @nodelib/fs.scandir@https://registry.npmjs.org/@nodelib/fs.scandir/-/fs.scandir-2.1.5.tgz. Extracting by manifest.
793 silly tarball no local data for @nolyfill/is-core-module@https://registry.npmjs.org/@nolyfill/is-core-module/-/is-core-module-1.0.39.tgz. Extracting by manifest.
794 silly tarball no local data for @typescript-eslint/visitor-keys@https://registry.npmjs.org/@typescript-eslint/visitor-keys/-/visitor-keys-8.59.4.tgz. Extracting by manifest.
795 silly tarball no local data for @napi-rs/wasm-runtime@https://registry.npmjs.org/@napi-rs/wasm-runtime/-/wasm-runtime-1.1.4.tgz. Extracting by manifest.
796 silly tarball no local data for @next/eslint-plugin-next@https://registry.npmjs.org/@next/eslint-plugin-next/-/eslint-plugin-next-16.2.6.tgz. Extracting by manifest.
797 silly tarball no local data for @next/swc-darwin-arm64@https://registry.npmjs.org/@next/swc-darwin-arm64/-/swc-darwin-arm64-16.2.6.tgz. Extracting by manifest.
798 silly tarball no local data for @livekit/protocol@https://registry.npmjs.org/@livekit/protocol/-/protocol-1.45.8.tgz. Extracting by manifest.
799 silly tarball no local data for @nodelib/fs.stat@https://registry.npmjs.org/@nodelib/fs.stat/-/fs.stat-2.0.5.tgz. Extracting by manifest.
800 silly tarball no local data for @livekit/components-react@https://registry.npmjs.org/@livekit/components-react/-/components-react-2.9.21.tgz. Extracting by manifest.
801 silly tarball no local data for @livekit/mutex@https://registry.npmjs.org/@livekit/mutex/-/mutex-1.1.1.tgz. Extracting by manifest.
802 silly tarball no local data for @livekit/components-core@https://registry.npmjs.org/@livekit/components-core/-/components-core-0.12.13.tgz. Extracting by manifest.
803 silly tarball no local data for @next/env@https://registry.npmjs.org/@next/env/-/env-16.2.6.tgz. Extracting by manifest.
804 silly tarball no local data for @img/sharp-libvips-darwin-arm64@https://registry.npmjs.org/@img/sharp-libvips-darwin-arm64/-/sharp-libvips-darwin-arm64-1.2.4.tgz. Extracting by manifest.
805 silly tarball no local data for @jridgewell/trace-mapping@https://registry.npmjs.org/@jridgewell/trace-mapping/-/trace-mapping-0.3.31.tgz. Extracting by manifest.
806 silly tarball no local data for @jridgewell/resolve-uri@https://registry.npmjs.org/@jridgewell/resolve-uri/-/resolve-uri-3.1.2.tgz. Extracting by manifest.
807 silly tarball no local data for @jridgewell/gen-mapping@https://registry.npmjs.org/@jridgewell/gen-mapping/-/gen-mapping-0.3.13.tgz. Extracting by manifest.
808 silly tarball no local data for @humanwhocodes/module-importer@https://registry.npmjs.org/@humanwhocodes/module-importer/-/module-importer-1.0.1.tgz. Extracting by manifest.
809 silly tarball no local data for @humanwhocodes/retry@https://registry.npmjs.org/@humanwhocodes/retry/-/retry-0.4.3.tgz. Extracting by manifest.
810 silly tarball no local data for @img/sharp-darwin-arm64@https://registry.npmjs.org/@img/sharp-darwin-arm64/-/sharp-darwin-arm64-0.34.5.tgz. Extracting by manifest.
811 silly tarball no local data for @humanfs/types@https://registry.npmjs.org/@humanfs/types/-/types-0.15.0.tgz. Extracting by manifest.
812 silly tarball no local data for @humanfs/node@https://registry.npmjs.org/@humanfs/node/-/node-0.16.8.tgz. Extracting by manifest.
813 silly tarball no local data for @floating-ui/dom@https://registry.npmjs.org/@floating-ui/dom/-/dom-1.7.4.tgz. Extracting by manifest.
814 silly tarball no local data for @floating-ui/core@https://registry.npmjs.org/@floating-ui/core/-/core-1.7.5.tgz. Extracting by manifest.
815 silly tarball no local data for @livekit/components-styles@https://registry.npmjs.org/@livekit/components-styles/-/components-styles-1.2.0.tgz. Extracting by manifest.
816 silly tarball no local data for @humanfs/core@https://registry.npmjs.org/@humanfs/core/-/core-0.19.2.tgz. Extracting by manifest.
817 silly tarball no local data for @floating-ui/utils@https://registry.npmjs.org/@floating-ui/utils/-/utils-0.2.11.tgz. Extracting by manifest.
818 silly tarball no local data for @eslint-community/regexpp@https://registry.npmjs.org/@eslint-community/regexpp/-/regexpp-4.12.2.tgz. Extracting by manifest.
819 silly tarball no local data for @eslint/plugin-kit@https://registry.npmjs.org/@eslint/plugin-kit/-/plugin-kit-0.4.1.tgz. Extracting by manifest.
820 silly tarball no local data for @eslint/object-schema@https://registry.npmjs.org/@eslint/object-schema/-/object-schema-2.1.7.tgz. Extracting by manifest.
821 silly tarball no local data for @img/colour@https://registry.npmjs.org/@img/colour/-/colour-1.1.0.tgz. Extracting by manifest.
822 silly tarball no local data for @jridgewell/remapping@https://registry.npmjs.org/@jridgewell/remapping/-/remapping-2.3.5.tgz. Extracting by manifest.
823 silly tarball no local data for @eslint-community/eslint-utils@https://registry.npmjs.org/@eslint-community/eslint-utils/-/eslint-utils-4.9.1.tgz. Extracting by manifest.
824 silly tarball no local data for @eslint/js@https://registry.npmjs.org/@eslint/js/-/js-9.39.4.tgz. Extracting by manifest.
825 silly tarball no local data for @eslint/config-array@https://registry.npmjs.org/@eslint/config-array/-/config-array-0.21.2.tgz. Extracting by manifest.
826 silly tarball no local data for @eslint/config-helpers@https://registry.npmjs.org/@eslint/config-helpers/-/config-helpers-0.4.2.tgz. Extracting by manifest.
827 silly tarball no local data for @emnapi/wasi-threads@https://registry.npmjs.org/@emnapi/wasi-threads/-/wasi-threads-1.2.1.tgz. Extracting by manifest.
828 silly tarball no local data for @eslint/eslintrc@https://registry.npmjs.org/@eslint/eslintrc/-/eslintrc-3.3.5.tgz. Extracting by manifest.
829 silly tarball no local data for @eslint/core@https://registry.npmjs.org/@eslint/core/-/core-0.17.0.tgz. Extracting by manifest.
830 silly tarball no local data for @emnapi/core@https://registry.npmjs.org/@emnapi/core/-/core-1.10.0.tgz. Extracting by manifest.
831 silly tarball no local data for @emnapi/runtime@https://registry.npmjs.org/@emnapi/runtime/-/runtime-1.10.0.tgz. Extracting by manifest.
832 silly tarball no local data for @babel/helpers@https://registry.npmjs.org/@babel/helpers/-/helpers-7.29.2.tgz. Extracting by manifest.
833 silly tarball no local data for @babel/traverse@https://registry.npmjs.org/@babel/traverse/-/traverse-7.29.0.tgz. Extracting by manifest.
834 silly tarball no local data for @babel/template@https://registry.npmjs.org/@babel/template/-/template-7.28.6.tgz. Extracting by manifest.
835 silly tarball no local data for @bufbuild/protobuf@https://registry.npmjs.org/@bufbuild/protobuf/-/protobuf-1.10.1.tgz. Extracting by manifest.
836 silly tarball no local data for @jridgewell/sourcemap-codec@https://registry.npmjs.org/@jridgewell/sourcemap-codec/-/sourcemap-codec-1.5.5.tgz. Extracting by manifest.
837 silly tarball no local data for @babel/parser@https://registry.npmjs.org/@babel/parser/-/parser-7.29.3.tgz. Extracting by manifest.
838 silly tarball no local data for @babel/types@https://registry.npmjs.org/@babel/types/-/types-7.29.0.tgz. Extracting by manifest.
839 silly tarball no local data for @babel/helper-validator-option@https://registry.npmjs.org/@babel/helper-validator-option/-/helper-validator-option-7.27.1.tgz. Extracting by manifest.
840 silly tarball no local data for @babel/helper-validator-identifier@https://registry.npmjs.org/@babel/helper-validator-identifier/-/helper-validator-identifier-7.28.5.tgz. Extracting by manifest.
841 silly tarball no local data for @babel/helper-string-parser@https://registry.npmjs.org/@babel/helper-string-parser/-/helper-string-parser-7.27.1.tgz. Extracting by manifest.
842 silly tarball no local data for @babel/helper-compilation-targets@https://registry.npmjs.org/@babel/helper-compilation-targets/-/helper-compilation-targets-7.28.6.tgz. Extracting by manifest.
843 silly tarball no local data for @babel/generator@https://registry.npmjs.org/@babel/generator/-/generator-7.29.1.tgz. Extracting by manifest.
844 silly tarball no local data for @babel/compat-data@https://registry.npmjs.org/@babel/compat-data/-/compat-data-7.29.3.tgz. Extracting by manifest.
845 silly tarball no local data for @babel/core@https://registry.npmjs.org/@babel/core/-/core-7.29.0.tgz. Extracting by manifest.
846 silly tarball no local data for zod-validation-error@https://registry.npmjs.org/zod-validation-error/-/zod-validation-error-4.0.2.tgz. Extracting by manifest.
847 silly tarball no local data for @babel/helper-module-imports@https://registry.npmjs.org/@babel/helper-module-imports/-/helper-module-imports-7.28.6.tgz. Extracting by manifest.
848 silly tarball no local data for @babel/code-frame@https://registry.npmjs.org/@babel/code-frame/-/code-frame-7.29.0.tgz. Extracting by manifest.
849 silly tarball no local data for @babel/helper-globals@https://registry.npmjs.org/@babel/helper-globals/-/helper-globals-7.28.0.tgz. Extracting by manifest.
850 silly tarball no local data for yocto-queue@https://registry.npmjs.org/yocto-queue/-/yocto-queue-0.1.0.tgz. Extracting by manifest.
851 silly tarball no local data for @babel/helper-module-transforms@https://registry.npmjs.org/@babel/helper-module-transforms/-/helper-module-transforms-7.28.6.tgz. Extracting by manifest.
852 silly tarball no local data for zod@https://registry.npmjs.org/zod/-/zod-4.4.3.tgz. Extracting by manifest.
853 silly tarball no local data for @alloc/quick-lru@https://registry.npmjs.org/@alloc/quick-lru/-/quick-lru-5.2.0.tgz. Extracting by manifest.
854 silly tarball no local data for word-wrap@https://registry.npmjs.org/word-wrap/-/word-wrap-1.2.5.tgz. Extracting by manifest.
855 silly tarball no local data for which-collection@https://registry.npmjs.org/which-collection/-/which-collection-1.0.2.tgz. Extracting by manifest.
856 silly tarball no local data for which-boxed-primitive@https://registry.npmjs.org/which-boxed-primitive/-/which-boxed-primitive-1.1.1.tgz. Extracting by manifest.
857 silly tarball no local data for uri-js@https://registry.npmjs.org/uri-js/-/uri-js-4.4.1.tgz. Extracting by manifest.
858 silly tarball no local data for which@https://registry.npmjs.org/which/-/which-2.0.2.tgz. Extracting by manifest.
859 silly tarball no local data for which-typed-array@https://registry.npmjs.org/which-typed-array/-/which-typed-array-1.1.20.tgz. Extracting by manifest.
860 silly tarball no local data for yallist@https://registry.npmjs.org/yallist/-/yallist-3.1.1.tgz. Extracting by manifest.
861 silly tarball no local data for which-builtin-type@https://registry.npmjs.org/which-builtin-type/-/which-builtin-type-1.2.1.tgz. Extracting by manifest.
862 silly tarball no local data for webrtc-adapter@https://registry.npmjs.org/webrtc-adapter/-/webrtc-adapter-9.0.5.tgz. Extracting by manifest.
863 silly tarball no local data for undici-types@https://registry.npmjs.org/undici-types/-/undici-types-6.21.0.tgz. Extracting by manifest.
864 silly tarball no local data for typescript-eslint@https://registry.npmjs.org/typescript-eslint/-/typescript-eslint-8.59.4.tgz. Extracting by manifest.
865 silly tarball no local data for unrs-resolver@https://registry.npmjs.org/unrs-resolver/-/unrs-resolver-1.12.2.tgz. Extracting by manifest.
866 silly tarball no local data for usehooks-ts@https://registry.npmjs.org/usehooks-ts/-/usehooks-ts-3.1.1.tgz. Extracting by manifest.
867 silly tarball no local data for unbox-primitive@https://registry.npmjs.org/unbox-primitive/-/unbox-primitive-1.1.0.tgz. Extracting by manifest.
868 silly tarball no local data for typed-emitter@https://registry.npmjs.org/typed-emitter/-/typed-emitter-2.1.0.tgz. Extracting by manifest.
869 silly tarball no local data for typed-array-byte-length@https://registry.npmjs.org/typed-array-byte-length/-/typed-array-byte-length-1.0.3.tgz. Extracting by manifest.
870 silly tarball no local data for typescript@https://registry.npmjs.org/typescript/-/typescript-5.9.3.tgz. Extracting by manifest.
871 silly tarball no local data for typed-array-byte-offset@https://registry.npmjs.org/typed-array-byte-offset/-/typed-array-byte-offset-1.0.4.tgz. Extracting by manifest.
872 silly tarball no local data for update-browserslist-db@https://registry.npmjs.org/update-browserslist-db/-/update-browserslist-db-1.2.3.tgz. Extracting by manifest.
873 silly tarball no local data for tsconfig-paths@https://registry.npmjs.org/tsconfig-paths/-/tsconfig-paths-3.15.0.tgz. Extracting by manifest.
874 silly tarball no local data for typed-array-buffer@https://registry.npmjs.org/typed-array-buffer/-/typed-array-buffer-1.0.3.tgz. Extracting by manifest.
875 silly tarball no local data for to-regex-range@https://registry.npmjs.org/to-regex-range/-/to-regex-range-5.0.1.tgz. Extracting by manifest.
876 silly tarball no local data for tinyglobby@https://registry.npmjs.org/tinyglobby/-/tinyglobby-0.2.16.tgz. Extracting by manifest.
877 silly tarball no local data for typed-array-length@https://registry.npmjs.org/typed-array-length/-/typed-array-length-1.0.7.tgz. Extracting by manifest.
878 silly tarball no local data for type-check@https://registry.npmjs.org/type-check/-/type-check-0.4.0.tgz. Extracting by manifest.
879 silly tarball no local data for tslib@https://registry.npmjs.org/tslib/-/tslib-2.8.1.tgz. Extracting by manifest.
880 silly tarball no local data for tailwindcss@https://registry.npmjs.org/tailwindcss/-/tailwindcss-4.3.0.tgz. Extracting by manifest.
881 silly tarball no local data for tapable@https://registry.npmjs.org/tapable/-/tapable-2.3.3.tgz. Extracting by manifest.
882 silly tarball no local data for supports-color@https://registry.npmjs.org/supports-color/-/supports-color-7.2.0.tgz. Extracting by manifest.
883 silly tarball no local data for tailwind-merge@https://registry.npmjs.org/tailwind-merge/-/tailwind-merge-3.6.0.tgz. Extracting by manifest.
884 silly tarball no local data for styled-jsx@https://registry.npmjs.org/styled-jsx/-/styled-jsx-5.1.6.tgz. Extracting by manifest.
885 silly tarball no local data for supports-preserve-symlinks-flag@https://registry.npmjs.org/supports-preserve-symlinks-flag/-/supports-preserve-symlinks-flag-1.0.0.tgz. Extracting by manifest.
886 silly tarball no local data for strip-json-comments@https://registry.npmjs.org/strip-json-comments/-/strip-json-comments-3.1.1.tgz. Extracting by manifest.
887 silly tarball no local data for string.prototype.trimend@https://registry.npmjs.org/string.prototype.trimend/-/string.prototype.trimend-1.0.9.tgz. Extracting by manifest.
888 silly tarball no local data for string.prototype.trim@https://registry.npmjs.org/string.prototype.trim/-/string.prototype.trim-1.2.10.tgz. Extracting by manifest.
889 silly tarball no local data for string.prototype.trimstart@https://registry.npmjs.org/string.prototype.trimstart/-/string.prototype.trimstart-1.0.8.tgz. Extracting by manifest.
890 silly tarball no local data for strip-bom@https://registry.npmjs.org/strip-bom/-/strip-bom-3.0.0.tgz. Extracting by manifest.
891 silly tarball no local data for stop-iteration-iterator@https://registry.npmjs.org/stop-iteration-iterator/-/stop-iteration-iterator-1.1.0.tgz. Extracting by manifest.
892 silly tarball no local data for string.prototype.matchall@https://registry.npmjs.org/string.prototype.matchall/-/string.prototype.matchall-4.0.12.tgz. Extracting by manifest.
893 silly tarball no local data for string.prototype.repeat@https://registry.npmjs.org/string.prototype.repeat/-/string.prototype.repeat-1.0.0.tgz. Extracting by manifest.
894 silly tarball no local data for source-map-js@https://registry.npmjs.org/source-map-js/-/source-map-js-1.2.1.tgz. Extracting by manifest.
895 silly tarball no local data for stable-hash@https://registry.npmjs.org/stable-hash/-/stable-hash-0.0.5.tgz. Extracting by manifest.
896 silly tarball no local data for side-channel-weakmap@https://registry.npmjs.org/side-channel-weakmap/-/side-channel-weakmap-1.0.2.tgz. Extracting by manifest.
897 silly tarball no local data for string.prototype.includes@https://registry.npmjs.org/string.prototype.includes/-/string.prototype.includes-2.0.1.tgz. Extracting by manifest.
898 silly tarball no local data for side-channel-map@https://registry.npmjs.org/side-channel-map/-/side-channel-map-1.0.1.tgz. Extracting by manifest.
899 silly tarball no local data for shebang-command@https://registry.npmjs.org/shebang-command/-/shebang-command-2.0.0.tgz. Extracting by manifest.
900 silly tarball no local data for side-channel@https://registry.npmjs.org/side-channel/-/side-channel-1.1.0.tgz. Extracting by manifest.
901 silly tarball no local data for ts-api-utils@https://registry.npmjs.org/ts-api-utils/-/ts-api-utils-2.5.0.tgz. Extracting by manifest.
902 silly tarball no local data for side-channel-list@https://registry.npmjs.org/side-channel-list/-/side-channel-list-1.0.1.tgz. Extracting by manifest.
903 silly tarball no local data for set-proto@https://registry.npmjs.org/set-proto/-/set-proto-1.0.0.tgz. Extracting by manifest.
904 silly tarball no local data for shebang-regex@https://registry.npmjs.org/shebang-regex/-/shebang-regex-3.0.0.tgz. Extracting by manifest.
905 silly tarball no local data for set-function-length@https://registry.npmjs.org/set-function-length/-/set-function-length-1.2.2.tgz. Extracting by manifest.
906 silly tarball no local data for sharp@https://registry.npmjs.org/sharp/-/sharp-0.34.5.tgz. Extracting by manifest.
907 silly tarball no local data for semver@https://registry.npmjs.org/semver/-/semver-6.3.1.tgz. Extracting by manifest.
908 silly tarball no local data for scheduler@https://registry.npmjs.org/scheduler/-/scheduler-0.27.0.tgz. Extracting by manifest.
909 silly tarball no local data for sdp@https://registry.npmjs.org/sdp/-/sdp-3.2.2.tgz. Extracting by manifest.
910 silly tarball no local data for safe-regex-test@https://registry.npmjs.org/safe-regex-test/-/safe-regex-test-1.1.0.tgz. Extracting by manifest.
911 silly tarball no local data for sdp-transform@https://registry.npmjs.org/sdp-transform/-/sdp-transform-2.15.0.tgz. Extracting by manifest.
912 silly tarball no local data for safe-push-apply@https://registry.npmjs.org/safe-push-apply/-/safe-push-apply-1.0.0.tgz. Extracting by manifest.
913 silly tarball no local data for safe-array-concat@https://registry.npmjs.org/safe-array-concat/-/safe-array-concat-1.1.4.tgz. Extracting by manifest.
914 silly tarball no local data for set-function-name@https://registry.npmjs.org/set-function-name/-/set-function-name-2.0.2.tgz. Extracting by manifest.
915 silly tarball no local data for reusify@https://registry.npmjs.org/reusify/-/reusify-1.1.0.tgz. Extracting by manifest.
916 silly tarball no local data for run-parallel@https://registry.npmjs.org/run-parallel/-/run-parallel-1.2.0.tgz. Extracting by manifest.
917 silly tarball no local data for reflect.getprototypeof@https://registry.npmjs.org/reflect.getprototypeof/-/reflect.getprototypeof-1.0.10.tgz. Extracting by manifest.
918 silly tarball no local data for react-dom@https://registry.npmjs.org/react-dom/-/react-dom-19.2.4.tgz. Extracting by manifest.
919 silly tarball no local data for resolve-pkg-maps@https://registry.npmjs.org/resolve-pkg-maps/-/resolve-pkg-maps-1.0.0.tgz. Extracting by manifest.
920 silly tarball no local data for resolve-from@https://registry.npmjs.org/resolve-from/-/resolve-from-4.0.0.tgz. Extracting by manifest.
921 silly tarball no local data for rxjs@https://registry.npmjs.org/rxjs/-/rxjs-7.8.2.tgz. Extracting by manifest.
922 silly tarball no local data for resolve@https://registry.npmjs.org/resolve/-/resolve-2.0.0-next.7.tgz. Extracting by manifest.
923 silly tarball no local data for regexp.prototype.flags@https://registry.npmjs.org/regexp.prototype.flags/-/regexp.prototype.flags-1.5.4.tgz. Extracting by manifest.
924 silly tarball no local data for punycode@https://registry.npmjs.org/punycode/-/punycode-2.3.1.tgz. Extracting by manifest.
925 silly tarball no local data for postcss@https://registry.npmjs.org/postcss/-/postcss-8.5.15.tgz. Extracting by manifest.
926 silly tarball no local data for prop-types@https://registry.npmjs.org/prop-types/-/prop-types-15.8.1.tgz. Extracting by manifest.
927 silly tarball no local data for queue-microtask@https://registry.npmjs.org/queue-microtask/-/queue-microtask-1.2.3.tgz. Extracting by manifest.
928 silly tarball no local data for react-is@https://registry.npmjs.org/react-is/-/react-is-16.13.1.tgz. Extracting by manifest.
929 silly tarball no local data for possible-typed-array-names@https://registry.npmjs.org/possible-typed-array-names/-/possible-typed-array-names-1.1.0.tgz. Extracting by manifest.
930 silly tarball no local data for picomatch@https://registry.npmjs.org/picomatch/-/picomatch-2.3.2.tgz. Extracting by manifest.
931 silly tarball no local data for path-parse@https://registry.npmjs.org/path-parse/-/path-parse-1.0.7.tgz. Extracting by manifest.
932 silly tarball no local data for prelude-ls@https://registry.npmjs.org/prelude-ls/-/prelude-ls-1.2.1.tgz. Extracting by manifest.
933 silly tarball no local data for picocolors@https://registry.npmjs.org/picocolors/-/picocolors-1.1.1.tgz. Extracting by manifest.
934 silly tarball no local data for path-key@https://registry.npmjs.org/path-key/-/path-key-3.1.1.tgz. Extracting by manifest.
935 silly tarball no local data for path-exists@https://registry.npmjs.org/path-exists/-/path-exists-4.0.0.tgz. Extracting by manifest.
936 silly tarball no local data for p-locate@https://registry.npmjs.org/p-locate/-/p-locate-5.0.0.tgz. Extracting by manifest.
937 silly tarball no local data for parent-module@https://registry.npmjs.org/parent-module/-/parent-module-1.0.1.tgz. Extracting by manifest.
938 silly tarball no local data for object.fromentries@https://registry.npmjs.org/object.fromentries/-/object.fromentries-2.0.8.tgz. Extracting by manifest.
939 silly tarball no local data for p-limit@https://registry.npmjs.org/p-limit/-/p-limit-3.1.0.tgz. Extracting by manifest.
940 silly tarball no local data for own-keys@https://registry.npmjs.org/own-keys/-/own-keys-1.0.1.tgz. Extracting by manifest.
941 silly tarball no local data for object.values@https://registry.npmjs.org/object.values/-/object.values-1.2.1.tgz. Extracting by manifest.
942 silly tarball no local data for optionator@https://registry.npmjs.org/optionator/-/optionator-0.9.4.tgz. Extracting by manifest.
943 silly tarball no local data for object.entries@https://registry.npmjs.org/object.entries/-/object.entries-1.1.9.tgz. Extracting by manifest.
944 silly tarball no local data for react@https://registry.npmjs.org/react/-/react-19.2.4.tgz. Extracting by manifest.
945 silly tarball no local data for object.assign@https://registry.npmjs.org/object.assign/-/object.assign-4.1.7.tgz. Extracting by manifest.
946 silly tarball no local data for object.groupby@https://registry.npmjs.org/object.groupby/-/object.groupby-1.0.3.tgz. Extracting by manifest.
947 silly tarball no local data for node-exports-info@https://registry.npmjs.org/node-exports-info/-/node-exports-info-1.6.0.tgz. Extracting by manifest.
948 silly tarball no local data for object-assign@https://registry.npmjs.org/object-assign/-/object-assign-4.1.1.tgz. Extracting by manifest.
949 silly tarball no local data for object-inspect@https://registry.npmjs.org/object-inspect/-/object-inspect-1.13.4.tgz. Extracting by manifest.
950 silly tarball no local data for object-keys@https://registry.npmjs.org/object-keys/-/object-keys-1.1.1.tgz. Extracting by manifest.
951 silly tarball no local data for natural-compare@https://registry.npmjs.org/natural-compare/-/natural-compare-1.4.0.tgz. Extracting by manifest.
952 silly tarball no local data for node-releases@https://registry.npmjs.org/node-releases/-/node-releases-2.0.44.tgz. Extracting by manifest.
953 silly tarball no local data for nanoid@https://registry.npmjs.org/nanoid/-/nanoid-3.3.12.tgz. Extracting by manifest.
954 silly tarball no local data for minimist@https://registry.npmjs.org/minimist/-/minimist-1.2.8.tgz. Extracting by manifest.
955 silly tarball no local data for minimatch@https://registry.npmjs.org/minimatch/-/minimatch-3.1.5.tgz. Extracting by manifest.
956 silly tarball no local data for merge2@https://registry.npmjs.org/merge2/-/merge2-1.4.1.tgz. Extracting by manifest.
957 silly tarball no local data for micromatch@https://registry.npmjs.org/micromatch/-/micromatch-4.0.8.tgz. Extracting by manifest.
958 silly tarball no local data for napi-postinstall@https://registry.npmjs.org/napi-postinstall/-/napi-postinstall-0.3.4.tgz. Extracting by manifest.
959 silly tarball no local data for math-intrinsics@https://registry.npmjs.org/math-intrinsics/-/math-intrinsics-1.1.0.tgz. Extracting by manifest.
960 silly tarball no local data for next@https://registry.npmjs.org/next/-/next-16.2.6.tgz. Extracting by manifest.
961 silly tarball no local data for magic-string@https://registry.npmjs.org/magic-string/-/magic-string-0.30.21.tgz. Extracting by manifest.
962 silly tarball no local data for lucide-react@https://registry.npmjs.org/lucide-react/-/lucide-react-1.16.0.tgz. Extracting by manifest.
963 silly tarball no local data for loose-envify@https://registry.npmjs.org/loose-envify/-/loose-envify-1.4.0.tgz. Extracting by manifest.
964 silly tarball no local data for lodash.merge@https://registry.npmjs.org/lodash.merge/-/lodash.merge-4.6.2.tgz. Extracting by manifest.
965 silly tarball no local data for loglevel@https://registry.npmjs.org/loglevel/-/loglevel-1.9.1.tgz. Extracting by manifest.
966 silly tarball no local data for lru-cache@https://registry.npmjs.org/lru-cache/-/lru-cache-5.1.1.tgz. Extracting by manifest.
967 silly tarball no local data for lodash.debounce@https://registry.npmjs.org/lodash.debounce/-/lodash.debounce-4.0.8.tgz. Extracting by manifest.
968 silly tarball no local data for livekit-client@https://registry.npmjs.org/livekit-client/-/livekit-client-2.19.0.tgz. Extracting by manifest.
969 silly tarball no local data for ms@https://registry.npmjs.org/ms/-/ms-2.1.3.tgz. Extracting by manifest.
970 silly tarball no local data for levn@https://registry.npmjs.org/levn/-/levn-0.4.1.tgz. Extracting by manifest.
971 silly tarball no local data for language-subtag-registry@https://registry.npmjs.org/language-subtag-registry/-/language-subtag-registry-0.3.23.tgz. Extracting by manifest.
972 silly tarball no local data for locate-path@https://registry.npmjs.org/locate-path/-/locate-path-6.0.0.tgz. Extracting by manifest.
973 silly tarball no local data for keyv@https://registry.npmjs.org/keyv/-/keyv-4.5.4.tgz. Extracting by manifest.
974 silly tarball no local data for lightningcss@https://registry.npmjs.org/lightningcss/-/lightningcss-1.32.0.tgz. Extracting by manifest.
975 silly tarball no local data for language-tags@https://registry.npmjs.org/language-tags/-/language-tags-1.0.9.tgz. Extracting by manifest.
976 silly tarball no local data for jsx-ast-utils@https://registry.npmjs.org/jsx-ast-utils/-/jsx-ast-utils-3.3.5.tgz. Extracting by manifest.
977 silly tarball no local data for json5@https://registry.npmjs.org/json5/-/json5-2.2.3.tgz. Extracting by manifest.
978 silly tarball no local data for jsesc@https://registry.npmjs.org/jsesc/-/jsesc-3.1.0.tgz. Extracting by manifest.
979 silly tarball no local data for lightningcss-darwin-arm64@https://registry.npmjs.org/lightningcss-darwin-arm64/-/lightningcss-darwin-arm64-1.32.0.tgz. Extracting by manifest.
980 silly tarball no local data for json-stable-stringify-without-jsonify@https://registry.npmjs.org/json-stable-stringify-without-jsonify/-/json-stable-stringify-without-jsonify-1.0.1.tgz. Extracting by manifest.
981 silly tarball no local data for js-yaml@https://registry.npmjs.org/js-yaml/-/js-yaml-4.1.1.tgz. Extracting by manifest.
982 silly tarball no local data for json-schema-traverse@https://registry.npmjs.org/json-schema-traverse/-/json-schema-traverse-0.4.1.tgz. Extracting by manifest.
983 silly tarball no local data for jiti@https://registry.npmjs.org/jiti/-/jiti-2.7.0.tgz. Extracting by manifest.
984 silly tarball no local data for jose@https://registry.npmjs.org/jose/-/jose-6.2.3.tgz. Extracting by manifest.
985 silly tarball no local data for isexe@https://registry.npmjs.org/isexe/-/isexe-2.0.0.tgz. Extracting by manifest.
986 silly tarball no local data for js-tokens@https://registry.npmjs.org/js-tokens/-/js-tokens-4.0.0.tgz. Extracting by manifest.
987 silly tarball no local data for is-weakset@https://registry.npmjs.org/is-weakset/-/is-weakset-2.0.4.tgz. Extracting by manifest.
988 silly tarball no local data for iterator.prototype@https://registry.npmjs.org/iterator.prototype/-/iterator.prototype-1.1.5.tgz. Extracting by manifest.
989 silly tarball no local data for is-weakref@https://registry.npmjs.org/is-weakref/-/is-weakref-1.1.1.tgz. Extracting by manifest.
990 silly tarball no local data for is-weakmap@https://registry.npmjs.org/is-weakmap/-/is-weakmap-2.0.2.tgz. Extracting by manifest.
991 silly tarball no local data for is-symbol@https://registry.npmjs.org/is-symbol/-/is-symbol-1.1.1.tgz. Extracting by manifest.
992 silly tarball no local data for is-string@https://registry.npmjs.org/is-string/-/is-string-1.1.1.tgz. Extracting by manifest.
993 silly tarball no local data for is-shared-array-buffer@https://registry.npmjs.org/is-shared-array-buffer/-/is-shared-array-buffer-1.0.4.tgz. Extracting by manifest.
994 silly tarball no local data for is-typed-array@https://registry.npmjs.org/is-typed-array/-/is-typed-array-1.1.15.tgz. Extracting by manifest.
995 silly tarball no local data for json-buffer@https://registry.npmjs.org/json-buffer/-/json-buffer-3.0.1.tgz. Extracting by manifest.
996 silly tarball no local data for isarray@https://registry.npmjs.org/isarray/-/isarray-2.0.5.tgz. Extracting by manifest.
997 silly tarball no local data for is-regex@https://registry.npmjs.org/is-regex/-/is-regex-1.2.1.tgz. Extracting by manifest.
998 silly tarball no local data for is-set@https://registry.npmjs.org/is-set/-/is-set-2.0.3.tgz. Extracting by manifest.
999 silly tarball no local data for is-map@https://registry.npmjs.org/is-map/-/is-map-2.0.3.tgz. Extracting by manifest.
1000 silly tarball no local data for is-number@https://registry.npmjs.org/is-number/-/is-number-7.0.0.tgz. Extracting by manifest.
1001 silly tarball no local data for is-generator-function@https://registry.npmjs.org/is-generator-function/-/is-generator-function-1.1.2.tgz. Extracting by manifest.
1002 silly tarball no local data for is-number-object@https://registry.npmjs.org/is-number-object/-/is-number-object-1.1.1.tgz. Extracting by manifest.
1003 silly tarball no local data for is-negative-zero@https://registry.npmjs.org/is-negative-zero/-/is-negative-zero-2.0.3.tgz. Extracting by manifest.
1004 silly tarball no local data for is-finalizationregistry@https://registry.npmjs.org/is-finalizationregistry/-/is-finalizationregistry-1.1.1.tgz. Extracting by manifest.
1005 silly tarball no local data for is-glob@https://registry.npmjs.org/is-glob/-/is-glob-4.0.3.tgz. Extracting by manifest.
1006 silly tarball no local data for is-boolean-object@https://registry.npmjs.org/is-boolean-object/-/is-boolean-object-1.2.2.tgz. Extracting by manifest.
1007 silly tarball no local data for is-bun-module@https://registry.npmjs.org/is-bun-module/-/is-bun-module-2.0.0.tgz. Extracting by manifest.
1008 silly tarball no local data for is-extglob@https://registry.npmjs.org/is-extglob/-/is-extglob-2.1.1.tgz. Extracting by manifest.
1009 silly tarball no local data for is-core-module@https://registry.npmjs.org/is-core-module/-/is-core-module-2.16.2.tgz. Extracting by manifest.
1010 silly tarball no local data for is-bigint@https://registry.npmjs.org/is-bigint/-/is-bigint-1.1.0.tgz. Extracting by manifest.
1011 silly tarball no local data for is-data-view@https://registry.npmjs.org/is-data-view/-/is-data-view-1.0.2.tgz. Extracting by manifest.
1012 silly tarball no local data for is-date-object@https://registry.npmjs.org/is-date-object/-/is-date-object-1.1.0.tgz. Extracting by manifest.
1013 silly tarball no local data for is-async-function@https://registry.npmjs.org/is-async-function/-/is-async-function-2.1.1.tgz. Extracting by manifest.
1014 silly tarball no local data for is-array-buffer@https://registry.npmjs.org/is-array-buffer/-/is-array-buffer-3.0.5.tgz. Extracting by manifest.
1015 silly tarball no local data for is-callable@https://registry.npmjs.org/is-callable/-/is-callable-1.2.7.tgz. Extracting by manifest.
1016 silly tarball no local data for imurmurhash@https://registry.npmjs.org/imurmurhash/-/imurmurhash-0.1.4.tgz. Extracting by manifest.
1017 silly tarball no local data for hermes-estree@https://registry.npmjs.org/hermes-estree/-/hermes-estree-0.25.1.tgz. Extracting by manifest.
1018 silly tarball no local data for import-fresh@https://registry.npmjs.org/import-fresh/-/import-fresh-3.3.1.tgz. Extracting by manifest.
1019 silly tarball no local data for internal-slot@https://registry.npmjs.org/internal-slot/-/internal-slot-1.1.0.tgz. Extracting by manifest.
1020 silly tarball no local data for has-tostringtag@https://registry.npmjs.org/has-tostringtag/-/has-tostringtag-1.0.2.tgz. Extracting by manifest.
1021 silly tarball no local data for has-proto@https://registry.npmjs.org/has-proto/-/has-proto-1.2.0.tgz. Extracting by manifest.
1022 silly tarball no local data for has-property-descriptors@https://registry.npmjs.org/has-property-descriptors/-/has-property-descriptors-1.0.2.tgz. Extracting by manifest.
1023 silly tarball no local data for ignore@https://registry.npmjs.org/ignore/-/ignore-5.3.2.tgz. Extracting by manifest.
1024 silly tarball no local data for has-flag@https://registry.npmjs.org/has-flag/-/has-flag-4.0.0.tgz. Extracting by manifest.
1025 silly tarball no local data for has-symbols@https://registry.npmjs.org/has-symbols/-/has-symbols-1.1.0.tgz. Extracting by manifest.
1026 silly tarball no local data for has-bigints@https://registry.npmjs.org/has-bigints/-/has-bigints-1.1.0.tgz. Extracting by manifest.
1027 silly tarball no local data for graceful-fs@https://registry.npmjs.org/graceful-fs/-/graceful-fs-4.2.11.tgz. Extracting by manifest.
1028 silly tarball no local data for hasown@https://registry.npmjs.org/hasown/-/hasown-2.0.3.tgz. Extracting by manifest.
1029 silly tarball no local data for get-tsconfig@https://registry.npmjs.org/get-tsconfig/-/get-tsconfig-4.14.0.tgz. Extracting by manifest.
1030 silly tarball no local data for glob-parent@https://registry.npmjs.org/glob-parent/-/glob-parent-6.0.2.tgz. Extracting by manifest.
1031 silly tarball no local data for gopd@https://registry.npmjs.org/gopd/-/gopd-1.2.0.tgz. Extracting by manifest.
1032 silly tarball no local data for globals@https://registry.npmjs.org/globals/-/globals-14.0.0.tgz. Extracting by manifest.
1033 silly tarball no local data for get-proto@https://registry.npmjs.org/get-proto/-/get-proto-1.0.1.tgz. Extracting by manifest.
1034 silly tarball no local data for globalthis@https://registry.npmjs.org/globalthis/-/globalthis-1.0.4.tgz. Extracting by manifest.
1035 silly tarball no local data for get-symbol-description@https://registry.npmjs.org/get-symbol-description/-/get-symbol-description-1.1.0.tgz. Extracting by manifest.
1036 silly tarball no local data for gensync@https://registry.npmjs.org/gensync/-/gensync-1.0.0-beta.2.tgz. Extracting by manifest.
1037 silly tarball no local data for get-intrinsic@https://registry.npmjs.org/get-intrinsic/-/get-intrinsic-1.3.0.tgz. Extracting by manifest.
1038 silly tarball no local data for functions-have-names@https://registry.npmjs.org/functions-have-names/-/functions-have-names-1.2.3.tgz. Extracting by manifest.
1039 silly tarball no local data for generator-function@https://registry.npmjs.org/generator-function/-/generator-function-2.0.1.tgz. Extracting by manifest.
1040 silly tarball no local data for function-bind@https://registry.npmjs.org/function-bind/-/function-bind-1.1.2.tgz. Extracting by manifest.
1041 silly tarball no local data for for-each@https://registry.npmjs.org/for-each/-/for-each-0.3.5.tgz. Extracting by manifest.
1042 silly tarball no local data for flat-cache@https://registry.npmjs.org/flat-cache/-/flat-cache-4.0.1.tgz. Extracting by manifest.
1043 silly tarball no local data for flatted@https://registry.npmjs.org/flatted/-/flatted-3.4.2.tgz. Extracting by manifest.
1044 silly tarball no local data for function.prototype.name@https://registry.npmjs.org/function.prototype.name/-/function.prototype.name-1.1.8.tgz. Extracting by manifest.
1045 silly tarball no local data for fill-range@https://registry.npmjs.org/fill-range/-/fill-range-7.1.1.tgz. Extracting by manifest.
1046 silly tarball no local data for fastq@https://registry.npmjs.org/fastq/-/fastq-1.20.1.tgz. Extracting by manifest.
1047 silly tarball no local data for find-up@https://registry.npmjs.org/find-up/-/find-up-5.0.0.tgz. Extracting by manifest.
1048 silly tarball no local data for esrecurse@https://registry.npmjs.org/esrecurse/-/esrecurse-4.3.0.tgz. Extracting by manifest.
1049 silly tarball no local data for fast-glob@https://registry.npmjs.org/fast-glob/-/fast-glob-3.3.1.tgz. Extracting by manifest.
1050 silly tarball no local data for fast-json-stable-stringify@https://registry.npmjs.org/fast-json-stable-stringify/-/fast-json-stable-stringify-2.1.0.tgz. Extracting by manifest.
1051 silly tarball no local data for hermes-parser@https://registry.npmjs.org/hermes-parser/-/hermes-parser-0.25.1.tgz. Extracting by manifest.
1052 silly tarball no local data for events@https://registry.npmjs.org/events/-/events-3.3.0.tgz. Extracting by manifest.
1053 silly tarball no local data for esutils@https://registry.npmjs.org/esutils/-/esutils-2.0.3.tgz. Extracting by manifest.
1054 silly tarball no local data for eslint-visitor-keys@https://registry.npmjs.org/eslint-visitor-keys/-/eslint-visitor-keys-4.2.1.tgz. Extracting by manifest.
1055 silly tarball no local data for estraverse@https://registry.npmjs.org/estraverse/-/estraverse-5.3.0.tgz. Extracting by manifest.
1056 silly tarball no local data for espree@https://registry.npmjs.org/espree/-/espree-10.4.0.tgz. Extracting by manifest.
1057 silly tarball no local data for esquery@https://registry.npmjs.org/esquery/-/esquery-1.7.0.tgz. Extracting by manifest.
1058 silly tarball no local data for fast-deep-equal@https://registry.npmjs.org/fast-deep-equal/-/fast-deep-equal-3.1.3.tgz. Extracting by manifest.
1059 silly tarball no local data for eslint-module-utils@https://registry.npmjs.org/eslint-module-utils/-/eslint-module-utils-2.12.1.tgz. Extracting by manifest.
1060 silly tarball no local data for eslint-plugin-jsx-a11y@https://registry.npmjs.org/eslint-plugin-jsx-a11y/-/eslint-plugin-jsx-a11y-6.10.2.tgz. Extracting by manifest.
1061 silly tarball no local data for eslint-config-next@https://registry.npmjs.org/eslint-config-next/-/eslint-config-next-16.2.6.tgz. Extracting by manifest.
1062 silly tarball no local data for eslint-scope@https://registry.npmjs.org/eslint-scope/-/eslint-scope-8.4.0.tgz. Extracting by manifest.
1063 silly tarball no local data for eslint@https://registry.npmjs.org/eslint/-/eslint-9.39.4.tgz. Extracting by manifest.
1064 silly tarball no local data for eslint-import-resolver-node@https://registry.npmjs.org/eslint-import-resolver-node/-/eslint-import-resolver-node-0.3.10.tgz. Extracting by manifest.
1065 silly tarball no local data for eslint-plugin-import@https://registry.npmjs.org/eslint-plugin-import/-/eslint-plugin-import-2.32.0.tgz. Extracting by manifest.
1066 silly tarball no local data for eslint-import-resolver-typescript@https://registry.npmjs.org/eslint-import-resolver-typescript/-/eslint-import-resolver-typescript-3.10.1.tgz. Extracting by manifest.
1067 silly tarball no local data for escalade@https://registry.npmjs.org/escalade/-/escalade-3.2.0.tgz. Extracting by manifest.
1068 silly tarball no local data for eslint-plugin-react@https://registry.npmjs.org/eslint-plugin-react/-/eslint-plugin-react-7.37.5.tgz. Extracting by manifest.
1069 silly tarball no local data for define-data-property@https://registry.npmjs.org/define-data-property/-/define-data-property-1.1.4.tgz. Extracting by manifest.
1070 silly tarball no local data for es-to-primitive@https://registry.npmjs.org/es-to-primitive/-/es-to-primitive-1.3.0.tgz. Extracting by manifest.
1071 silly tarball no local data for fast-levenshtein@https://registry.npmjs.org/fast-levenshtein/-/fast-levenshtein-2.0.6.tgz. Extracting by manifest.
1072 silly tarball no local data for es-object-atoms@https://registry.npmjs.org/es-object-atoms/-/es-object-atoms-1.1.1.tgz. Extracting by manifest.
1073 silly tarball no local data for file-entry-cache@https://registry.npmjs.org/file-entry-cache/-/file-entry-cache-8.0.0.tgz. Extracting by manifest.
1074 silly tarball no local data for eslint-plugin-react-hooks@https://registry.npmjs.org/eslint-plugin-react-hooks/-/eslint-plugin-react-hooks-7.1.1.tgz. Extracting by manifest.
1075 silly tarball no local data for es-shim-unscopables@https://registry.npmjs.org/es-shim-unscopables/-/es-shim-unscopables-1.1.0.tgz. Extracting by manifest.
1076 silly tarball no local data for es-set-tostringtag@https://registry.npmjs.org/es-set-tostringtag/-/es-set-tostringtag-2.1.0.tgz. Extracting by manifest.
1077 silly tarball no local data for es-iterator-helpers@https://registry.npmjs.org/es-iterator-helpers/-/es-iterator-helpers-1.3.2.tgz. Extracting by manifest.
1078 silly tarball no local data for es-define-property@https://registry.npmjs.org/es-define-property/-/es-define-property-1.0.1.tgz. Extracting by manifest.
1079 silly tarball no local data for electron-to-chromium@https://registry.npmjs.org/electron-to-chromium/-/electron-to-chromium-1.5.360.tgz. Extracting by manifest.
1080 silly tarball no local data for es-abstract@https://registry.npmjs.org/es-abstract/-/es-abstract-1.24.2.tgz. Extracting by manifest.
1081 silly tarball no local data for dunder-proto@https://registry.npmjs.org/dunder-proto/-/dunder-proto-1.0.1.tgz. Extracting by manifest.
1082 silly tarball no local data for emoji-regex@https://registry.npmjs.org/emoji-regex/-/emoji-regex-9.2.2.tgz. Extracting by manifest.
1083 silly tarball no local data for doctrine@https://registry.npmjs.org/doctrine/-/doctrine-2.1.0.tgz. Extracting by manifest.
1084 silly tarball no local data for detect-libc@https://registry.npmjs.org/detect-libc/-/detect-libc-2.1.2.tgz. Extracting by manifest.
1085 silly tarball no local data for enhanced-resolve@https://registry.npmjs.org/enhanced-resolve/-/enhanced-resolve-5.21.6.tgz. Extracting by manifest.
1086 silly tarball no local data for define-properties@https://registry.npmjs.org/define-properties/-/define-properties-1.2.1.tgz. Extracting by manifest.
1087 silly tarball no local data for deep-is@https://registry.npmjs.org/deep-is/-/deep-is-0.1.4.tgz. Extracting by manifest.
1088 silly tarball no local data for es-errors@https://registry.npmjs.org/es-errors/-/es-errors-1.3.0.tgz. Extracting by manifest.
1089 silly tarball no local data for data-view-buffer@https://registry.npmjs.org/data-view-buffer/-/data-view-buffer-1.0.2.tgz. Extracting by manifest.
1090 silly tarball no local data for data-view-byte-length@https://registry.npmjs.org/data-view-byte-length/-/data-view-byte-length-1.0.2.tgz. Extracting by manifest.
1091 silly tarball no local data for data-view-byte-offset@https://registry.npmjs.org/data-view-byte-offset/-/data-view-byte-offset-1.0.1.tgz. Extracting by manifest.
1092 silly tarball no local data for convert-source-map@https://registry.npmjs.org/convert-source-map/-/convert-source-map-2.0.0.tgz. Extracting by manifest.
1093 silly tarball no local data for csstype@https://registry.npmjs.org/csstype/-/csstype-3.2.3.tgz. Extracting by manifest.
1094 silly tarball no local data for cross-spawn@https://registry.npmjs.org/cross-spawn/-/cross-spawn-7.0.6.tgz. Extracting by manifest.
1095 silly tarball no local data for damerau-levenshtein@https://registry.npmjs.org/damerau-levenshtein/-/damerau-levenshtein-1.0.8.tgz. Extracting by manifest.
1096 silly tarball no local data for color-convert@https://registry.npmjs.org/color-convert/-/color-convert-2.0.1.tgz. Extracting by manifest.
1097 silly tarball no local data for color-name@https://registry.npmjs.org/color-name/-/color-name-1.1.4.tgz. Extracting by manifest.
1098 silly tarball no local data for debug@https://registry.npmjs.org/debug/-/debug-4.4.3.tgz. Extracting by manifest.
1099 silly tarball no local data for chalk@https://registry.npmjs.org/chalk/-/chalk-4.1.2.tgz. Extracting by manifest.
1100 silly tarball no local data for clsx@https://registry.npmjs.org/clsx/-/clsx-2.1.1.tgz. Extracting by manifest.
1101 silly tarball no local data for client-only@https://registry.npmjs.org/client-only/-/client-only-0.0.1.tgz. Extracting by manifest.
1102 silly tarball no local data for caniuse-lite@https://registry.npmjs.org/caniuse-lite/-/caniuse-lite-1.0.30001793.tgz. Extracting by manifest.
1103 silly tarball no local data for callsites@https://registry.npmjs.org/callsites/-/callsites-3.1.0.tgz. Extracting by manifest.
1104 silly tarball no local data for call-bind-apply-helpers@https://registry.npmjs.org/call-bind-apply-helpers/-/call-bind-apply-helpers-1.0.2.tgz. Extracting by manifest.
1105 silly tarball no local data for brace-expansion@https://registry.npmjs.org/brace-expansion/-/brace-expansion-1.1.14.tgz. Extracting by manifest.
1106 silly tarball no local data for call-bound@https://registry.npmjs.org/call-bound/-/call-bound-1.0.4.tgz. Extracting by manifest.
1107 silly tarball no local data for browserslist@https://registry.npmjs.org/browserslist/-/browserslist-4.28.2.tgz. Extracting by manifest.
1108 silly tarball no local data for braces@https://registry.npmjs.org/braces/-/braces-3.0.3.tgz. Extracting by manifest.
1109 silly tarball no local data for escape-string-regexp@https://registry.npmjs.org/escape-string-regexp/-/escape-string-regexp-4.0.0.tgz. Extracting by manifest.
1110 silly tarball no local data for baseline-browser-mapping@https://registry.npmjs.org/baseline-browser-mapping/-/baseline-browser-mapping-2.10.31.tgz. Extracting by manifest.
1111 silly tarball no local data for axe-core@https://registry.npmjs.org/axe-core/-/axe-core-4.11.4.tgz. Extracting by manifest.
1112 silly tarball no local data for axobject-query@https://registry.npmjs.org/axobject-query/-/axobject-query-4.1.0.tgz. Extracting by manifest.
1113 silly tarball no local data for async-function@https://registry.npmjs.org/async-function/-/async-function-1.0.0.tgz. Extracting by manifest.
1114 silly tarball no local data for available-typed-arrays@https://registry.npmjs.org/available-typed-arrays/-/available-typed-arrays-1.0.7.tgz. Extracting by manifest.
1115 silly tarball no local data for balanced-match@https://registry.npmjs.org/balanced-match/-/balanced-match-1.0.2.tgz. Extracting by manifest.
1116 silly tarball no local data for ast-types-flow@https://registry.npmjs.org/ast-types-flow/-/ast-types-flow-0.0.8.tgz. Extracting by manifest.
1117 silly tarball no local data for array.prototype.flatmap@https://registry.npmjs.org/array.prototype.flatmap/-/array.prototype.flatmap-1.3.3.tgz. Extracting by manifest.
1118 silly tarball no local data for array.prototype.flat@https://registry.npmjs.org/array.prototype.flat/-/array.prototype.flat-1.3.3.tgz. Extracting by manifest.
1119 silly tarball no local data for concat-map@https://registry.npmjs.org/concat-map/-/concat-map-0.0.1.tgz. Extracting by manifest.
1120 silly tarball no local data for call-bind@https://registry.npmjs.org/call-bind/-/call-bind-1.0.9.tgz. Extracting by manifest.
1121 silly tarball no local data for array.prototype.findlastindex@https://registry.npmjs.org/array.prototype.findlastindex/-/array.prototype.findlastindex-1.2.6.tgz. Extracting by manifest.
1122 silly tarball no local data for arraybuffer.prototype.slice@https://registry.npmjs.org/arraybuffer.prototype.slice/-/arraybuffer.prototype.slice-1.0.4.tgz. Extracting by manifest.
1123 silly tarball no local data for array-includes@https://registry.npmjs.org/array-includes/-/array-includes-3.1.9.tgz. Extracting by manifest.
1124 silly tarball no local data for array-buffer-byte-length@https://registry.npmjs.org/array-buffer-byte-length/-/array-buffer-byte-length-1.0.2.tgz. Extracting by manifest.
1125 silly tarball no local data for array.prototype.tosorted@https://registry.npmjs.org/array.prototype.tosorted/-/array.prototype.tosorted-1.1.4.tgz. Extracting by manifest.
1126 silly tarball no local data for ansi-styles@https://registry.npmjs.org/ansi-styles/-/ansi-styles-4.3.0.tgz. Extracting by manifest.
1127 silly tarball no local data for ajv@https://registry.npmjs.org/ajv/-/ajv-6.15.0.tgz. Extracting by manifest.
1128 silly tarball no local data for array.prototype.findlast@https://registry.npmjs.org/array.prototype.findlast/-/array.prototype.findlast-1.2.5.tgz. Extracting by manifest.
1129 silly tarball no local data for acorn@https://registry.npmjs.org/acorn/-/acorn-8.16.0.tgz. Extracting by manifest.
1130 silly tarball no local data for aria-query@https://registry.npmjs.org/aria-query/-/aria-query-5.3.2.tgz. Extracting by manifest.
1131 silly tarball no local data for acorn-jsx@https://registry.npmjs.org/acorn-jsx/-/acorn-jsx-5.3.2.tgz. Extracting by manifest.
1132 silly tarball no local data for semver@https://registry.npmjs.org/semver/-/semver-7.8.0.tgz. Extracting by manifest.
1133 silly tarball no local data for brace-expansion@https://registry.npmjs.org/brace-expansion/-/brace-expansion-5.0.6.tgz. Extracting by manifest.
1134 silly tarball no local data for eslint-visitor-keys@https://registry.npmjs.org/eslint-visitor-keys/-/eslint-visitor-keys-5.0.1.tgz. Extracting by manifest.
1135 silly tarball no local data for fdir@https://registry.npmjs.org/fdir/-/fdir-6.5.0.tgz. Extracting by manifest.
1136 silly tarball no local data for argparse@https://registry.npmjs.org/argparse/-/argparse-2.0.1.tgz. Extracting by manifest.
1137 silly tarball no local data for picomatch@https://registry.npmjs.org/picomatch/-/picomatch-4.0.4.tgz. Extracting by manifest.
1138 silly tarball no local data for semver@https://registry.npmjs.org/semver/-/semver-7.8.0.tgz. Extracting by manifest.
1139 silly tarball no local data for eslint-visitor-keys@https://registry.npmjs.org/eslint-visitor-keys/-/eslint-visitor-keys-3.4.3.tgz. Extracting by manifest.
1140 silly tarball no local data for json5@https://registry.npmjs.org/json5/-/json5-1.0.2.tgz. Extracting by manifest.
1141 silly tarball no local data for semver@https://registry.npmjs.org/semver/-/semver-7.8.0.tgz. Extracting by manifest.
1142 silly tarball no local data for glob-parent@https://registry.npmjs.org/glob-parent/-/glob-parent-5.1.2.tgz. Extracting by manifest.
1143 silly tarball no local data for minimatch@https://registry.npmjs.org/minimatch/-/minimatch-10.2.5.tgz. Extracting by manifest.
1144 silly tarball no local data for ignore@https://registry.npmjs.org/ignore/-/ignore-7.0.5.tgz. Extracting by manifest.
1145 silly tarball no local data for debug@https://registry.npmjs.org/debug/-/debug-3.2.7.tgz. Extracting by manifest.
1146 silly tarball no local data for debug@https://registry.npmjs.org/debug/-/debug-3.2.7.tgz. Extracting by manifest.
1147 silly tarball no local data for globals@https://registry.npmjs.org/globals/-/globals-16.4.0.tgz. Extracting by manifest.
1148 silly tarball no local data for loglevel@https://registry.npmjs.org/loglevel/-/loglevel-1.9.2.tgz. Extracting by manifest.
1149 silly tarball no local data for postcss@https://registry.npmjs.org/postcss/-/postcss-8.4.31.tgz. Extracting by manifest.
1150 silly tarball no local data for debug@https://registry.npmjs.org/debug/-/debug-3.2.7.tgz. Extracting by manifest.
1151 silly tarball no local data for balanced-match@https://registry.npmjs.org/balanced-match/-/balanced-match-4.0.4.tgz. Extracting by manifest.
1152 http fetch GET https://registry.npmjs.org/@typescript-eslint/typescript-estree/-/typescript-estree-8.59.4.tgz attempt 1 failed with ENOTFOUND
1153 http fetch GET https://registry.npmjs.org/@unrs/resolver-binding-darwin-arm64/-/resolver-binding-darwin-arm64-1.12.2.tgz attempt 1 failed with ENOTFOUND
1154 http fetch GET https://registry.npmjs.org/@typescript-eslint/tsconfig-utils/-/tsconfig-utils-8.59.4.tgz attempt 1 failed with ENOTFOUND
1155 http fetch GET https://registry.npmjs.org/@typescript-eslint/parser/-/parser-8.59.4.tgz attempt 1 failed with ENOTFOUND
1156 http fetch GET https://registry.npmjs.org/@typescript-eslint/scope-manager/-/scope-manager-8.59.4.tgz attempt 1 failed with ENOTFOUND
1157 http fetch GET https://registry.npmjs.org/@typescript-eslint/type-utils/-/type-utils-8.59.4.tgz attempt 1 failed with ENOTFOUND
1158 http fetch GET https://registry.npmjs.org/@typescript-eslint/utils/-/utils-8.59.4.tgz attempt 1 failed with ENOTFOUND
1159 http fetch GET https://registry.npmjs.org/@types/react-dom/-/react-dom-19.2.3.tgz attempt 1 failed with ENOTFOUND
1160 http fetch GET https://registry.npmjs.org/@types/json5/-/json5-0.0.29.tgz attempt 1 failed with ENOTFOUND
1161 http fetch GET https://registry.npmjs.org/@typescript-eslint/project-service/-/project-service-8.59.4.tgz attempt 1 failed with ENOTFOUND
1162 http fetch GET https://registry.npmjs.org/@types/estree/-/estree-1.0.9.tgz attempt 1 failed with ENOTFOUND
1163 http fetch GET https://registry.npmjs.org/@typescript-eslint/eslint-plugin/-/eslint-plugin-8.59.4.tgz attempt 1 failed with ENOTFOUND
1164 http fetch GET https://registry.npmjs.org/@types/node/-/node-20.19.41.tgz attempt 1 failed with ENOTFOUND
1165 http fetch GET https://registry.npmjs.org/@types/json-schema/-/json-schema-7.0.15.tgz attempt 1 failed with ENOTFOUND
1166 http fetch GET https://registry.npmjs.org/@types/react/-/react-19.2.15.tgz attempt 1 failed with ENOTFOUND
1167 http fetch GET https://registry.npmjs.org/balanced-match/-/balanced-match-4.0.4.tgz attempt 1 failed with ENOTFOUND
1168 http fetch GET https://registry.npmjs.org/npm attempt 2 failed with ENOTFOUND
1169 http fetch GET https://registry.npmjs.org/@typescript-eslint/typescript-estree/-/typescript-estree-8.59.4.tgz attempt 2 failed with ENOTFOUND
1170 http fetch GET https://registry.npmjs.org/@unrs/resolver-binding-darwin-arm64/-/resolver-binding-darwin-arm64-1.12.2.tgz attempt 2 failed with ENOTFOUND
1171 http fetch GET https://registry.npmjs.org/@typescript-eslint/tsconfig-utils/-/tsconfig-utils-8.59.4.tgz attempt 2 failed with ENOTFOUND
1172 http fetch GET https://registry.npmjs.org/@typescript-eslint/parser/-/parser-8.59.4.tgz attempt 2 failed with ENOTFOUND
1173 http fetch GET https://registry.npmjs.org/@typescript-eslint/scope-manager/-/scope-manager-8.59.4.tgz attempt 2 failed with ENOTFOUND
1174 http fetch GET https://registry.npmjs.org/@typescript-eslint/type-utils/-/type-utils-8.59.4.tgz attempt 2 failed with ENOTFOUND
1175 http fetch GET https://registry.npmjs.org/@typescript-eslint/utils/-/utils-8.59.4.tgz attempt 2 failed with ENOTFOUND
1176 http fetch GET https://registry.npmjs.org/@types/react-dom/-/react-dom-19.2.3.tgz attempt 2 failed with ENOTFOUND
1177 http fetch GET https://registry.npmjs.org/@types/json5/-/json5-0.0.29.tgz attempt 2 failed with ENOTFOUND
1178 http fetch GET https://registry.npmjs.org/@typescript-eslint/project-service/-/project-service-8.59.4.tgz attempt 2 failed with ENOTFOUND
1179 http fetch GET https://registry.npmjs.org/@types/estree/-/estree-1.0.9.tgz attempt 2 failed with ENOTFOUND
1180 http fetch GET https://registry.npmjs.org/@typescript-eslint/eslint-plugin/-/eslint-plugin-8.59.4.tgz attempt 2 failed with ENOTFOUND
1181 http fetch GET https://registry.npmjs.org/@types/node/-/node-20.19.41.tgz attempt 2 failed with ENOTFOUND
1182 http fetch GET https://registry.npmjs.org/@types/json-schema/-/json-schema-7.0.15.tgz attempt 2 failed with ENOTFOUND
1183 http fetch GET https://registry.npmjs.org/@types/react/-/react-19.2.15.tgz attempt 2 failed with ENOTFOUND
1184 http fetch GET https://registry.npmjs.org/balanced-match/-/balanced-match-4.0.4.tgz attempt 2 failed with ENOTFOUND
1185 http fetch GET https://registry.npmjs.org/npm attempt 3 failed with ENOTFOUND
1186 http fetch GET https://registry.npmjs.org/@typescript-eslint/typescript-estree/-/typescript-estree-8.59.4.tgz attempt 3 failed with ENOTFOUND
1187 http fetch GET https://registry.npmjs.org/@unrs/resolver-binding-darwin-arm64/-/resolver-binding-darwin-arm64-1.12.2.tgz attempt 3 failed with ENOTFOUND
1188 verbose reify failed optional dependency /Users/prateekjaiswal/Ai_interviewer /Ai_interviewer/frontend/node_modules/@unrs/resolver-binding-darwin-arm64
1189 silly reify mark deleted [
1189 silly reify   '/Users/prateekjaiswal/Ai_interviewer /Ai_interviewer/frontend/node_modules/@unrs/resolver-binding-darwin-arm64'
1189 silly reify ]
1190 http fetch GET https://registry.npmjs.org/@typescript-eslint/tsconfig-utils/-/tsconfig-utils-8.59.4.tgz attempt 3 failed with ENOTFOUND
1191 http fetch GET https://registry.npmjs.org/@typescript-eslint/parser/-/parser-8.59.4.tgz attempt 3 failed with ENOTFOUND
1192 http fetch GET https://registry.npmjs.org/@typescript-eslint/scope-manager/-/scope-manager-8.59.4.tgz attempt 3 failed with ENOTFOUND
1193 http fetch GET https://registry.npmjs.org/@typescript-eslint/type-utils/-/type-utils-8.59.4.tgz attempt 3 failed with ENOTFOUND
1194 http fetch GET https://registry.npmjs.org/@typescript-eslint/utils/-/utils-8.59.4.tgz attempt 3 failed with ENOTFOUND
1195 http fetch GET https://registry.npmjs.org/@types/react-dom/-/react-dom-19.2.3.tgz attempt 3 failed with ENOTFOUND
1196 http fetch GET https://registry.npmjs.org/@types/json5/-/json5-0.0.29.tgz attempt 3 failed with ENOTFOUND
1197 http fetch GET https://registry.npmjs.org/@typescript-eslint/project-service/-/project-service-8.59.4.tgz attempt 3 failed with ENOTFOUND
1198 http fetch GET https://registry.npmjs.org/@types/estree/-/estree-1.0.9.tgz attempt 3 failed with ENOTFOUND
1199 http fetch GET https://registry.npmjs.org/@typescript-eslint/eslint-plugin/-/eslint-plugin-8.59.4.tgz attempt 3 failed with ENOTFOUND
1200 http fetch GET https://registry.npmjs.org/@types/node/-/node-20.19.41.tgz attempt 3 failed with ENOTFOUND
1201 http fetch GET https://registry.npmjs.org/@types/json-schema/-/json-schema-7.0.15.tgz attempt 3 failed with ENOTFOUND
1202 http fetch GET https://registry.npmjs.org/@types/react/-/react-19.2.15.tgz attempt 3 failed with ENOTFOUND
1203 http fetch GET https://registry.npmjs.org/balanced-match/-/balanced-match-4.0.4.tgz attempt 3 failed with ENOTFOUND
1204 verbose cwd /Users/prateekjaiswal/Ai_interviewer /Ai_interviewer/frontend
1205 verbose os Darwin 25.3.0
1206 verbose node v24.13.1
1207 verbose npm  v11.8.0
1208 error Exit handler never called!
1209 error This is an error with npm itself. Please report this error at:
1210 error   <https://github.com/npm/cli/issues>
1211 verbose exit 1
1212 verbose code 1
1213 error A complete log of this run can be found in: /Users/prateekjaiswal/Ai_interviewer /Ai_interviewer/frontend/.npm-cache/_logs/2026-05-20T18_48_56_881Z-debug-0.log
